
	<!DOCTYPE project [
		<!ELEMENT project (objectids-table | current-scenario | duration | aggregation-period | truncated-mean | percentile)* >
	
		<!ELEMENT objectids-table (objectids-entry)* >
		<!ELEMENT objectids-entry (#PCDATA)>
		<!ELEMENT duration (#PCDATA)>
		<!ELEMENT truncated-mean (#PCDATA)>
		<!ELEMENT percentile (#PCDATA)>
		<!ELEMENT aggregation-period (#PCDATA)>
		<!ELEMENT current-scenario (#PCDATA)>
		<!ATTLIST duration
		    value CDATA #REQUIRED>
	    <!ATTLIST aggregation-period
		    value CDATA #REQUIRED>
		<!ATTLIST objectids-entry
		    objectid CDATA #REQUIRED
		    type CDATA #REQUIRED
		    value CDATA #REQUIRED
		    key CDATA #REQUIRED>
		<!ATTLIST truncated-mean
		    centered-interval CDATA #REQUIRED
		    percentage CDATA #REQUIRED>
		 <!ATTLIST percentile
		    percentage CDATA #REQUIRED>
	]>


<!--****** RUNTIME PROJECT ******--><project>
<!--****** CURRENT SCENARIO ******-->
<current-scenario>scenario1</current-scenario>
<!--****** OBJECTIDS ******-->
<objectids-table>
<objectids-entry key="" objectid="0" type="LG_HOST" value="localhost:7100"/>
<objectids-entry key="" objectid="1" type="ZONE" value="Default zone"/>
<objectids-entry key="Default zone¤Jpet1¤" objectid="2" type="POPULATION" value="Jpet1"/>
<objectids-entry key="Default zone¤Jpet1¤EXC4_Payment_loop" objectid="155" type="VIRTUAL_USER" value="EXC4_Payment_loop"/>
<objectids-entry key="Default zone¤Jpet1¤EXC4_Payment_loop" objectid="156" type="BASIC_LOGICAL_CONTAINER" value="$parent=EXC4_Payment_loop;$index=0"/>
<objectids-entry key="Default zone¤Jpet1¤EXC4_Payment_loop" objectid="157" type="BASIC_LOGICAL_CONTAINER" value="$parent=EXC4_Payment_loop;$index=1"/>
<objectids-entry key="Default zone¤Jpet1¤EXC4_Payment_loop" objectid="158" type="BASIC_LOGICAL_CONTAINER" value="9a6cb021-9824-4691-9edf-464abe21abbc"/>
<objectids-entry key="Default zone¤Jpet1¤EXC4_Payment_loop" objectid="159" type="HTTP_PAGE" value="ec8fde39-dca1-4b4b-9194-ded395c285b9"/>
<objectids-entry key="Default zone¤Jpet1¤EXC4_Payment_loop" objectid="160" type="ACTION" value="d463aa34-914d-4d1f-b204-f4f7ab8bacfc"/>
<objectids-entry key="Default zone¤Jpet1¤EXC4_Payment_loop" objectid="161" type="ACTION" value="da565e1c-c132-4752-a206-abbac7806aca"/>
<objectids-entry key="Default zone¤Jpet1¤EXC4_Payment_loop" objectid="162" type="ACTION" value="ee865e4f-b64f-4e2f-bd9c-4f602c43e698"/>
<objectids-entry key="Default zone¤Jpet1¤EXC4_Payment_loop" objectid="163" type="ACTION" value="1491ee49-c8e6-4c01-9144-fa8df9e62c9a"/>
<objectids-entry key="Default zone¤Jpet1¤EXC4_Payment_loop" objectid="164" type="ACTION" value="baee2a09-9fb0-487b-8f1b-22255a81fe20"/>
<objectids-entry key="Default zone¤Jpet1¤EXC4_Payment_loop" objectid="165" type="ACTION" value="98ee77ab-15b4-4558-bd61-5ee642772113"/>
<objectids-entry key="Default zone¤Jpet1¤EXC4_Payment_loop" objectid="166" type="ACTION" value="fdda02da-409e-434a-b6f4-1f1594a7ca49"/>
<objectids-entry key="Default zone¤Jpet1¤EXC4_Payment_loop" objectid="167" type="ACTION" value="03e8281c-9359-4a60-a24c-6e84d0691896"/>
<objectids-entry key="Default zone¤Jpet1¤EXC4_Payment_loop" objectid="168" type="ACTION" value="58f0b565-7708-43f0-9fb1-9ed40fd035c4"/>
<objectids-entry key="Default zone¤Jpet1¤EXC4_Payment_loop" objectid="169" type="ACTION" value="a3fad4e7-aeb9-4031-b9ae-b303a1315df9"/>
<objectids-entry key="Default zone¤Jpet1¤EXC4_Payment_loop" objectid="170" type="ACTION" value="fb223cc8-2aa9-4adc-a200-b14f4bedc6fc"/>
<objectids-entry key="Default zone¤Jpet1¤EXC4_Payment_loop" objectid="171" type="BASIC_LOGICAL_CONTAINER" value="38ea2b13-b4f5-4c4e-8cd1-0ddf5479e9c6"/>
<objectids-entry key="Default zone¤Jpet1¤EXC4_Payment_loop" objectid="172" type="HTTP_PAGE" value="2799ddaf-6551-4fc8-b34e-9e07bf777d8f"/>
<objectids-entry key="Default zone¤Jpet1¤EXC4_Payment_loop" objectid="173" type="ACTION" value="25fcbcb1-ccb6-4671-bc60-b749db96e468"/>
<objectids-entry key="Default zone¤Jpet1¤EXC4_Payment_loop" objectid="174" type="ACTION" value="b3dd0c03-92bf-4c04-b525-bf7f0ade588f"/>
<objectids-entry key="Default zone¤Jpet1¤EXC4_Payment_loop" objectid="175" type="ACTION" value="e7b7fe62-661b-4b52-88c3-1b0a67e5a9f6"/>
<objectids-entry key="Default zone¤Jpet1¤EXC4_Payment_loop" objectid="176" type="ACTION" value="4c8aa31e-c635-461d-96b1-692ed825a082"/>
<objectids-entry key="Default zone¤Jpet1¤EXC4_Payment_loop" objectid="177" type="ACTION" value="92336ed6-4160-4753-b3fb-ba414091da38"/>
<objectids-entry key="Default zone¤Jpet1¤EXC4_Payment_loop" objectid="178" type="ACTION" value="8f3d0f78-c8ed-468b-b28b-4d167b41db93"/>
<objectids-entry key="Default zone¤Jpet1¤EXC4_Payment_loop" objectid="179" type="ACTION" value="5a8f443d-14d9-4597-b24b-72e38c71a4fe"/>
<objectids-entry key="Default zone¤Jpet1¤EXC4_Payment_loop" objectid="180" type="ACTION" value="9b50dfd5-29f1-4ca1-9cf2-789a399d531f"/>
<objectids-entry key="Default zone¤Jpet1¤EXC4_Payment_loop" objectid="181" type="HTTP_PAGE" value="513c8eb2-6564-4839-a26a-5a563710b062"/>
<objectids-entry key="Default zone¤Jpet1¤EXC4_Payment_loop" objectid="182" type="ACTION" value="7d533564-360d-46e6-9d36-b76bf626f65e"/>
<objectids-entry key="Default zone¤Jpet1¤EXC4_Payment_loop" objectid="183" type="ACTION" value="180afca4-2b82-4e6f-b370-08cf4cb2509a"/>
<objectids-entry key="Default zone¤Jpet1¤EXC4_Payment_loop" objectid="184" type="ACTION" value="10247b7f-06b5-4ca2-b93b-53165b317253"/>
<objectids-entry key="Default zone¤Jpet1¤EXC4_Payment_loop" objectid="185" type="ACTION" value="8ab893aa-bd88-4ffc-9557-47103e438af2"/>
<objectids-entry key="Default zone¤Jpet1¤EXC4_Payment_loop" objectid="186" type="ACTION" value="aa1cfa9e-d477-4c9a-8608-2ae497f5d9b4"/>
<objectids-entry key="Default zone¤Jpet1¤EXC4_Payment_loop" objectid="187" type="ACTION" value="7e2078a9-e155-4c32-b847-8ac220d0fca2"/>
<objectids-entry key="Default zone¤Jpet1¤EXC4_Payment_loop" objectid="188" type="ACTION" value="b957e1c7-3187-4303-9fd2-890aeb40a8be"/>
<objectids-entry key="Default zone¤Jpet1¤EXC4_Payment_loop" objectid="189" type="ACTION" value="c7f7ca89-bd5d-411a-9c0a-3749bc1119e7"/>
<objectids-entry key="Default zone¤Jpet1¤EXC4_Payment_loop" objectid="190" type="ACTION" value="5dbc75e2-70ac-4671-a67a-c8b269e4ba89"/>
<objectids-entry key="Default zone¤Jpet1¤EXC4_Payment_loop" objectid="191" type="ACTION" value="f316f9da-79d4-4437-81a0-4202ac3bbe86"/>
<objectids-entry key="Default zone¤Jpet1¤EXC4_Payment_loop" objectid="192" type="LOOP" value="2f8cef77-9923-42b0-b336-85bb69c83322"/>
<objectids-entry key="Default zone¤Jpet1¤EXC4_Payment_loop" objectid="193" type="BASIC_LOGICAL_CONTAINER" value="40a08b4b-c17b-44f3-9eb4-668eae272636"/>
<objectids-entry key="Default zone¤Jpet1¤EXC4_Payment_loop" objectid="194" type="HTTP_PAGE" value="3848c8a2-1a97-4ee9-bd54-61797e5d85a2"/>
<objectids-entry key="Default zone¤Jpet1¤EXC4_Payment_loop" objectid="195" type="ACTION" value="a558391f-ca2a-467e-b2af-432c4179bad1"/>
<objectids-entry key="Default zone¤Jpet1¤EXC4_Payment_loop" objectid="196" type="BASIC_LOGICAL_CONTAINER" value="88fe1070-a20f-4978-b0d5-6c2b25683750"/>
<objectids-entry key="Default zone¤Jpet1¤EXC4_Payment_loop" objectid="197" type="HTTP_PAGE" value="95127b3e-6da0-4bc2-8843-c1f3cc9fb459"/>
<objectids-entry key="Default zone¤Jpet1¤EXC4_Payment_loop" objectid="198" type="ACTION" value="4e694715-db9a-4637-9092-6da73aef8573"/>
<objectids-entry key="Default zone¤Jpet1¤EXC4_Payment_loop" objectid="199" type="ACTION" value="20071de4-88f7-4ea9-91cd-9d3048dfe135"/>
<objectids-entry key="Default zone¤Jpet1¤EXC4_Payment_loop" objectid="200" type="BASIC_LOGICAL_CONTAINER" value="4a1231c9-dd3b-4012-90cb-fe032cdd2e00"/>
<objectids-entry key="Default zone¤Jpet1¤EXC4_Payment_loop" objectid="201" type="HTTP_PAGE" value="3923c2dd-cc01-4605-9e81-6b18f362b870"/>
<objectids-entry key="Default zone¤Jpet1¤EXC4_Payment_loop" objectid="202" type="ACTION" value="25171b2e-57d0-47f7-a68d-2181611eb763"/>
<objectids-entry key="Default zone¤Jpet1¤EXC4_Payment_loop" objectid="203" type="ACTION" value="fec0c396-8fd6-4565-8f83-19ad02a7ad5f"/>
<objectids-entry key="Default zone¤Jpet1¤EXC4_Payment_loop" objectid="204" type="BASIC_LOGICAL_CONTAINER" value="f4959c72-395a-4074-8bbf-3ab38ac47d90"/>
<objectids-entry key="Default zone¤Jpet1¤EXC4_Payment_loop" objectid="205" type="HTTP_PAGE" value="4b670375-ce30-46f1-a76f-906fc7f8c88b"/>
<objectids-entry key="Default zone¤Jpet1¤EXC4_Payment_loop" objectid="206" type="ACTION" value="32eed222-aaf0-40f6-812d-40ec5ebd09d8"/>
<objectids-entry key="Default zone¤Jpet1¤EXC4_Payment_loop" objectid="207" type="ACTION" value="3ab5011d-b644-45b2-86e6-a51017fc4d79"/>
<objectids-entry key="Default zone¤Jpet1¤EXC4_Payment_loop" objectid="208" type="ACTION" value="8abe9c1e-cbc4-44df-8d78-af0c4c6268ff"/>
<objectids-entry key="Default zone¤Jpet1¤EXC4_Payment_loop" objectid="209" type="ACTION" value="5f8270bf-49bd-4470-8d98-6ffc0e721e92"/>
<objectids-entry key="Default zone¤Jpet1¤EXC4_Payment_loop" objectid="210" type="ACTION" value="63195805-60f3-40c7-83cb-f156227c4f65"/>
<objectids-entry key="Default zone¤Jpet1¤EXC4_Payment_loop" objectid="211" type="BASIC_LOGICAL_CONTAINER" value="7aaa813e-109d-46ee-8a2b-97995ac7172f"/>
<objectids-entry key="Default zone¤Jpet1¤EXC4_Payment_loop" objectid="212" type="HTTP_PAGE" value="1e2d36e6-b9b8-48d6-b0ef-f3e4f4b5ce12"/>
<objectids-entry key="Default zone¤Jpet1¤EXC4_Payment_loop" objectid="213" type="ACTION" value="b266cfba-eef0-46d9-8619-0583f8cab6a9"/>
<objectids-entry key="Default zone¤Jpet1¤EXC4_Payment_loop" objectid="214" type="ACTION" value="3a6de56a-4e96-43aa-8def-82194914b591"/>
<objectids-entry key="Default zone¤Jpet1¤EXC4_Payment_loop" objectid="215" type="HTTP_PAGE" value="ff09a3ed-5683-498c-9d99-2aab3f692c7b"/>
<objectids-entry key="Default zone¤Jpet1¤EXC4_Payment_loop" objectid="216" type="ACTION" value="6c999239-0286-4a8a-88f3-03157634ca51"/>
<objectids-entry key="Default zone¤Jpet1¤EXC4_Payment_loop" objectid="217" type="BASIC_LOGICAL_CONTAINER" value="a645f902-34d6-4b70-a5b8-009f8a9b3947"/>
<objectids-entry key="Default zone¤Jpet1¤EXC4_Payment_loop" objectid="218" type="HTTP_PAGE" value="2631083a-80b1-42e4-983f-8e21449b6ec8"/>
<objectids-entry key="Default zone¤Jpet1¤EXC4_Payment_loop" objectid="219" type="ACTION" value="2e80304b-513c-4760-830e-e133b1250919"/>
<objectids-entry key="Default zone¤Jpet1¤EXC4_Payment_loop" objectid="220" type="HTTP_PAGE" value="068c0958-d8d3-40c1-a342-d87500ff8351"/>
<objectids-entry key="Default zone¤Jpet1¤EXC4_Payment_loop" objectid="221" type="ACTION" value="0b450a24-e549-44dc-936c-cdf8a6e848a7"/>
<objectids-entry key="Default zone¤Jpet1¤EXC4_Payment_loop" objectid="222" type="BASIC_LOGICAL_CONTAINER" value="74f71c94-1e2c-4315-ae46-3b42da60fe23"/>
<objectids-entry key="Default zone¤Jpet1¤EXC4_Payment_loop" objectid="223" type="HTTP_PAGE" value="9c6ead37-53a0-4b6e-978a-7c2addb01559"/>
<objectids-entry key="Default zone¤Jpet1¤EXC4_Payment_loop" objectid="224" type="ACTION" value="a4778576-8d5b-4d6f-a5e3-beaf748df9d9"/>
<objectids-entry key="Default zone¤Jpet1¤EXC4_Payment_loop" objectid="225" type="BASIC_LOGICAL_CONTAINER" value="52b2ff39-6174-4c10-ac6d-7a0fd0710a8d"/>
<objectids-entry key="Default zone¤Jpet1¤EXC4_Payment_loop" objectid="226" type="HTTP_PAGE" value="c031227a-1827-4fef-a133-f4723da6c29c"/>
<objectids-entry key="Default zone¤Jpet1¤EXC4_Payment_loop" objectid="227" type="ACTION" value="e9c21fc8-1dc5-42df-9148-22af8d580145"/>
<objectids-entry key="Default zone¤Jpet1¤EXC4_Payment_loop" objectid="228" type="BASIC_LOGICAL_CONTAINER" value="f061774a-7ea3-4bd1-a00a-f16d5898ac4e"/>
<objectids-entry key="Default zone¤Jpet1¤EXC4_Payment_loop" objectid="229" type="HTTP_PAGE" value="8b9390e0-2d84-497f-a3a2-a0de7ee11aae"/>
<objectids-entry key="Default zone¤Jpet1¤EXC4_Payment_loop" objectid="230" type="ACTION" value="0e9bd62d-ca87-4284-b8fb-3afcc0017375"/>
<objectids-entry key="Default zone¤Jpet1¤EXC4_Payment_loop" objectid="231" type="BASIC_LOGICAL_CONTAINER" value="$parent=EXC4_Payment_loop;$index=2"/>
<objectids-entry key="Default zone¤Jpet1¤EXC11_Searcher" objectid="232" type="VIRTUAL_USER" value="EXC11_Searcher"/>
<objectids-entry key="Default zone¤Jpet1¤EXC11_Searcher" objectid="233" type="BASIC_LOGICAL_CONTAINER" value="$parent=EXC11_Searcher;$index=0"/>
<objectids-entry key="Default zone¤Jpet1¤EXC11_Searcher" objectid="234" type="BASIC_LOGICAL_CONTAINER" value="$parent=EXC11_Searcher;$index=1"/>
<objectids-entry key="Default zone¤Jpet1¤EXC11_Searcher" objectid="235" type="BASIC_LOGICAL_CONTAINER" value="7ffc7057-2b05-4484-802e-725170eebdb8"/>
<objectids-entry key="Default zone¤Jpet1¤EXC11_Searcher" objectid="236" type="HTTP_PAGE" value="aec6fd79-3215-497a-95b5-2422f4bb1c09"/>
<objectids-entry key="Default zone¤Jpet1¤EXC11_Searcher" objectid="237" type="ACTION" value="835be2c9-1f5f-432b-97ac-af4b5e7df7c2"/>
<objectids-entry key="Default zone¤Jpet1¤EXC11_Searcher" objectid="238" type="ACTION" value="e4acf1ed-d639-4e4f-b175-2734df662c67"/>
<objectids-entry key="Default zone¤Jpet1¤EXC11_Searcher" objectid="239" type="ACTION" value="9a8dc56d-0f7e-4d00-a91c-c54b62b9444c"/>
<objectids-entry key="Default zone¤Jpet1¤EXC11_Searcher" objectid="240" type="ACTION" value="e72e7323-3103-4bf3-954d-eb1c978b04ab"/>
<objectids-entry key="Default zone¤Jpet1¤EXC11_Searcher" objectid="241" type="ACTION" value="24dd6e9a-f35f-4eea-9250-71118772cdaf"/>
<objectids-entry key="Default zone¤Jpet1¤EXC11_Searcher" objectid="242" type="ACTION" value="98284cc4-9ae2-4f6f-8762-f41bd0618c11"/>
<objectids-entry key="Default zone¤Jpet1¤EXC11_Searcher" objectid="243" type="ACTION" value="601ecc99-9b62-402e-b940-be7acff1117c"/>
<objectids-entry key="Default zone¤Jpet1¤EXC11_Searcher" objectid="244" type="ACTION" value="49d338b7-d16f-4922-b812-f7190f219769"/>
<objectids-entry key="Default zone¤Jpet1¤EXC11_Searcher" objectid="245" type="ACTION" value="606a21e8-5d67-4ec3-b892-cd4ac3b3fb34"/>
<objectids-entry key="Default zone¤Jpet1¤EXC11_Searcher" objectid="246" type="ACTION" value="926c2a0b-f3cc-4b7f-84c0-9fe9097bdc59"/>
<objectids-entry key="Default zone¤Jpet1¤EXC11_Searcher" objectid="247" type="ACTION" value="901e34e4-e172-4de4-916e-1d5860275d64"/>
<objectids-entry key="Default zone¤Jpet1¤EXC11_Searcher" objectid="248" type="BASIC_LOGICAL_CONTAINER" value="6d1cf803-815b-47ef-81b9-f69c06ad4120"/>
<objectids-entry key="Default zone¤Jpet1¤EXC11_Searcher" objectid="249" type="HTTP_PAGE" value="607dd130-31eb-4a44-bfb0-0095de8ed3fd"/>
<objectids-entry key="Default zone¤Jpet1¤EXC11_Searcher" objectid="250" type="ACTION" value="3f1cb69f-efcc-41f9-81c5-48a408c6ce73"/>
<objectids-entry key="Default zone¤Jpet1¤EXC11_Searcher" objectid="251" type="ACTION" value="9f52bb3f-c3ea-42bc-aef9-e80a2c8b7c7d"/>
<objectids-entry key="Default zone¤Jpet1¤EXC11_Searcher" objectid="252" type="ACTION" value="248b4323-f838-4902-8c4d-2404cd48e091"/>
<objectids-entry key="Default zone¤Jpet1¤EXC11_Searcher" objectid="253" type="ACTION" value="9bc4776c-fdfe-4608-a37f-fdde16cbd17e"/>
<objectids-entry key="Default zone¤Jpet1¤EXC11_Searcher" objectid="254" type="ACTION" value="459895bb-e207-4d95-9c8b-577cc135f3c9"/>
<objectids-entry key="Default zone¤Jpet1¤EXC11_Searcher" objectid="255" type="ACTION" value="70b9dbcb-b868-4599-80b7-b49f7926a90d"/>
<objectids-entry key="Default zone¤Jpet1¤EXC11_Searcher" objectid="256" type="ACTION" value="58ba8630-82a8-46c5-9e78-d72db69049a8"/>
<objectids-entry key="Default zone¤Jpet1¤EXC11_Searcher" objectid="257" type="ACTION" value="b522a309-b329-4085-bddf-a4a8b379975c"/>
<objectids-entry key="Default zone¤Jpet1¤EXC11_Searcher" objectid="258" type="HTTP_PAGE" value="fdecfbfc-87ce-4413-8a2a-0c3d47b0b25a"/>
<objectids-entry key="Default zone¤Jpet1¤EXC11_Searcher" objectid="259" type="ACTION" value="7303c888-2558-4de4-a853-f1db2aa4ead4"/>
<objectids-entry key="Default zone¤Jpet1¤EXC11_Searcher" objectid="260" type="ACTION" value="da6996f8-4c14-4c9c-a193-1b2e4566ef37"/>
<objectids-entry key="Default zone¤Jpet1¤EXC11_Searcher" objectid="261" type="ACTION" value="f981b9f9-63ef-4ac8-b4fe-95d13ff873c1"/>
<objectids-entry key="Default zone¤Jpet1¤EXC11_Searcher" objectid="262" type="ACTION" value="9c713428-6781-4912-979f-a9a13a3b38dd"/>
<objectids-entry key="Default zone¤Jpet1¤EXC11_Searcher" objectid="263" type="ACTION" value="0517e406-c03c-4b0e-bf7b-870785ff306f"/>
<objectids-entry key="Default zone¤Jpet1¤EXC11_Searcher" objectid="264" type="ACTION" value="244c8152-1aae-48fc-8afc-a999a4a07ad5"/>
<objectids-entry key="Default zone¤Jpet1¤EXC11_Searcher" objectid="265" type="ACTION" value="52d2056d-c76b-47b2-80d9-52f401f949c8"/>
<objectids-entry key="Default zone¤Jpet1¤EXC11_Searcher" objectid="266" type="ACTION" value="c0ac81b2-d0f8-4adb-acc0-e3b9e68115d0"/>
<objectids-entry key="Default zone¤Jpet1¤EXC11_Searcher" objectid="267" type="ACTION" value="c7e7fe6e-6b5f-42ec-b609-4a29d13055e6"/>
<objectids-entry key="Default zone¤Jpet1¤EXC11_Searcher" objectid="268" type="BASIC_LOGICAL_CONTAINER" value="f101f6a5-b720-4309-b803-cf97cde96dac"/>
<objectids-entry key="Default zone¤Jpet1¤EXC11_Searcher" objectid="269" type="HTTP_PAGE" value="a61af777-c3bf-43d3-9697-c07b298d2b7b"/>
<objectids-entry key="Default zone¤Jpet1¤EXC11_Searcher" objectid="270" type="ACTION" value="4a1c4272-9455-47e8-be51-1bafe334f26e"/>
<objectids-entry key="Default zone¤Jpet1¤EXC11_Searcher" objectid="271" type="ACTION" value="9b5c79a1-b290-49d0-91c0-f54e3c29a4f9"/>
<objectids-entry key="Default zone¤Jpet1¤EXC11_Searcher" objectid="272" type="LOOP" value="6f4ecfd4-c33b-4676-bb4f-25dec692540a"/>
<objectids-entry key="Default zone¤Jpet1¤EXC11_Searcher" objectid="273" type="BASIC_LOGICAL_CONTAINER" value="2749ea63-39c2-49e9-b4d1-11e6e2d909e5"/>
<objectids-entry key="Default zone¤Jpet1¤EXC11_Searcher" objectid="274" type="HTTP_PAGE" value="b46bfa0d-6f5e-44c0-bccf-31e7d99874bb"/>
<objectids-entry key="Default zone¤Jpet1¤EXC11_Searcher" objectid="275" type="ACTION" value="58fc1289-cca5-477b-ad14-457d4d0845f0"/>
<objectids-entry key="Default zone¤Jpet1¤EXC11_Searcher" objectid="276" type="ACTION" value="76052054-b218-44d4-872f-205c2d7a7257"/>
<objectids-entry key="Default zone¤Jpet1¤EXC11_Searcher" objectid="277" type="TRY" value="289c3880-55e9-4ded-b7db-216631ef43c6"/>
<objectids-entry key="Default zone¤Jpet1¤EXC11_Searcher" objectid="278" type="BASIC_LOGICAL_CONTAINER" value="$parent=289c3880-55e9-4ded-b7db-216631ef43c6;$index=0"/>
<objectids-entry key="Default zone¤Jpet1¤EXC11_Searcher" objectid="279" type="BASIC_LOGICAL_CONTAINER" value="863b929b-1c25-47dd-8c39-cab24c053099"/>
<objectids-entry key="Default zone¤Jpet1¤EXC11_Searcher" objectid="280" type="HTTP_PAGE" value="9976e63a-4e99-463d-86a2-845dc0407931"/>
<objectids-entry key="Default zone¤Jpet1¤EXC11_Searcher" objectid="281" type="ACTION" value="6414edc5-bc33-49c9-9b5a-20387db71458"/>
<objectids-entry key="Default zone¤Jpet1¤EXC11_Searcher" objectid="282" type="IF" value="42cd83f5-8d4c-434d-aa1c-7a1e9497edd6"/>
<objectids-entry key="Default zone¤Jpet1¤EXC11_Searcher" objectid="283" type="BASIC_LOGICAL_CONTAINER" value="$parent=42cd83f5-8d4c-434d-aa1c-7a1e9497edd6;$index=0"/>
<objectids-entry key="Default zone¤Jpet1¤EXC11_Searcher" objectid="284" type="STOP_VU" value="9f46a690-b960-40aa-a322-3e652f580aae"/>
<objectids-entry key="Default zone¤Jpet1¤EXC11_Searcher" objectid="285" type="BASIC_LOGICAL_CONTAINER" value="$parent=42cd83f5-8d4c-434d-aa1c-7a1e9497edd6;$index=1"/>
<objectids-entry key="Default zone¤Jpet1¤EXC11_Searcher" objectid="286" type="BASIC_LOGICAL_CONTAINER" value="$parent=289c3880-55e9-4ded-b7db-216631ef43c6;$index=1"/>
<objectids-entry key="Default zone¤Jpet1¤EXC11_Searcher" objectid="287" type="STOP_VU" value="a3b885bd-b5dd-44a8-ae55-ec7a5665352f"/>
<objectids-entry key="Default zone¤Jpet1¤EXC11_Searcher" objectid="288" type="BASIC_LOGICAL_CONTAINER" value="d363b2a3-afad-4154-9cb8-120219132b89"/>
<objectids-entry key="Default zone¤Jpet1¤EXC11_Searcher" objectid="289" type="HTTP_PAGE" value="9fbe46f1-177f-446f-9f53-bfe37347d58c"/>
<objectids-entry key="Default zone¤Jpet1¤EXC11_Searcher" objectid="290" type="ACTION" value="453262ee-754c-4395-99dc-b59d0c53263b"/>
<objectids-entry key="Default zone¤Jpet1¤EXC11_Searcher" objectid="291" type="ACTION" value="b644d30f-4eb1-474d-90c0-08f8ae2858b6"/>
<objectids-entry key="Default zone¤Jpet1¤EXC11_Searcher" objectid="292" type="ACTION" value="d3c1384b-ab0f-4628-a181-f8378de32792"/>
<objectids-entry key="Default zone¤Jpet1¤EXC11_Searcher" objectid="293" type="ACTION" value="c45f0f0c-ccd1-49e3-a812-5dcaaa8ebf83"/>
<objectids-entry key="Default zone¤Jpet1¤EXC11_Searcher" objectid="294" type="ACTION" value="c6565579-70d1-4270-ab7b-af04bf45a23d"/>
<objectids-entry key="Default zone¤Jpet1¤EXC11_Searcher" objectid="295" type="BASIC_LOGICAL_CONTAINER" value="140090e7-47ca-4406-b421-e617df1d0567"/>
<objectids-entry key="Default zone¤Jpet1¤EXC11_Searcher" objectid="296" type="HTTP_PAGE" value="01054252-af5b-44d3-9998-cd10c51a8c21"/>
<objectids-entry key="Default zone¤Jpet1¤EXC11_Searcher" objectid="297" type="ACTION" value="91caefe3-0020-4ff3-b3f4-77d54ace841f"/>
<objectids-entry key="Default zone¤Jpet1¤EXC11_Searcher" objectid="298" type="ACTION" value="f66d25e6-6363-45e0-be8f-0cb2683b6b90"/>
<objectids-entry key="Default zone¤Jpet1¤EXC11_Searcher" objectid="299" type="HTTP_PAGE" value="7209e917-0d06-45d7-ac88-5e68855294f7"/>
<objectids-entry key="Default zone¤Jpet1¤EXC11_Searcher" objectid="300" type="ACTION" value="cdd30ab2-5d08-468a-9468-e80b37ac16ea"/>
<objectids-entry key="Default zone¤Jpet1¤EXC11_Searcher" objectid="301" type="BASIC_LOGICAL_CONTAINER" value="cc3efb2e-88a0-42d5-932f-3ee1d8e1b013"/>
<objectids-entry key="Default zone¤Jpet1¤EXC11_Searcher" objectid="302" type="HTTP_PAGE" value="c308a7e5-1e39-4b9f-80e6-3d40e3f7f180"/>
<objectids-entry key="Default zone¤Jpet1¤EXC11_Searcher" objectid="303" type="ACTION" value="a967bd90-7309-482e-bd1c-b3c1005720bd"/>
<objectids-entry key="Default zone¤Jpet1¤EXC11_Searcher" objectid="304" type="HTTP_PAGE" value="d4a66041-175f-4525-88cc-3ad0a0c8fa3e"/>
<objectids-entry key="Default zone¤Jpet1¤EXC11_Searcher" objectid="305" type="ACTION" value="1f94131b-9076-4af9-9bdd-34e6e09f2a94"/>
<objectids-entry key="Default zone¤Jpet1¤EXC11_Searcher" objectid="306" type="BASIC_LOGICAL_CONTAINER" value="$parent=EXC11_Searcher;$index=2"/>
<objectids-entry key="¤¤" objectid="307" type="MONITORED_HOST" value="10.244.52.66"/>
<objectids-entry key="¤¤" objectid="308" type="MONITORCONNECTION" value="10.244.52.66$tomcat"/>
<objectids-entry key="¤¤" objectid="309" type="MONITOR" value="10.244.52.66$tomcat$RequestProcessor/http-8080/errorCount"/>
<objectids-entry key="¤¤" objectid="310" type="MONITOR" value="10.244.52.66$tomcat$RequestProcessor/http-8080/% errorCount"/>
<objectids-entry key="¤¤" objectid="311" type="THRESHOLD" value="10.244.52.66$tomcat$c2039aac-9a3b-4af5-87ec-5e17843b1eda"/>
<objectids-entry key="¤¤" objectid="312" type="MONITOR" value="10.244.52.66$tomcat$RequestProcessor/jk-8009/errorCount"/>
<objectids-entry key="¤¤" objectid="313" type="MONITOR" value="10.244.52.66$tomcat$RequestProcessor/jk-8009/% errorCount"/>
<objectids-entry key="¤¤" objectid="314" type="THRESHOLD" value="10.244.52.66$tomcat$5026ba04-ef0c-4d94-a373-201a9c78ad32"/>
<objectids-entry key="¤¤" objectid="315" type="MONITOR" value="10.244.52.66$tomcat$ThreadPool/http-8080/currentThreadsBusy"/>
<objectids-entry key="¤¤" objectid="316" type="MONITOR" value="10.244.52.66$tomcat$ThreadPool/http-8080/% currentThreadsBusy"/>
<objectids-entry key="¤¤" objectid="317" type="THRESHOLD" value="10.244.52.66$tomcat$38f3e3c6-f88f-49bc-ba3e-93b58f5d3f68"/>
<objectids-entry key="¤¤" objectid="318" type="MONITOR" value="10.244.52.66$tomcat$ThreadPool/http-8080/threadsConfiguration"/>
<objectids-entry key="¤¤" objectid="319" type="MONITOR" value="10.244.52.66$tomcat$ThreadPool/jk-8009/currentThreadsBusy"/>
<objectids-entry key="¤¤" objectid="320" type="MONITOR" value="10.244.52.66$tomcat$ThreadPool/jk-8009/% currentThreadsBusy"/>
<objectids-entry key="¤¤" objectid="321" type="THRESHOLD" value="10.244.52.66$tomcat$493ded97-353e-4b96-af30-ee0bcea6f653"/>
<objectids-entry key="¤¤" objectid="322" type="MONITOR" value="10.244.52.66$tomcat$ThreadPool/jk-8009/threadsConfiguration"/>
<objectids-entry key="¤¤" objectid="323" type="MONITOR" value="10.244.52.66$tomcat$VM/Memory/Used"/>
<objectids-entry key="¤¤" objectid="324" type="MONITOR" value="10.244.52.66$tomcat$VM/Memory/% Used"/>
<objectids-entry key="¤¤" objectid="325" type="THRESHOLD" value="10.244.52.66$tomcat$5a7ae4ce-31b6-42ca-948e-5961d1a283b3"/>
<objectids-entry key="¤¤" objectid="326" type="MONITOR" value="10.244.52.66$tomcat$VM/Memory/Max"/>
<objectids-entry key="¤¤" objectid="327" type="MONITOR" value="10.244.52.66$tomcat$VM/Garbage Collector/Copy/CollectionTime"/>
<objectids-entry key="¤¤" objectid="328" type="MONITOR" value="10.244.52.66$tomcat$VM/Garbage Collector/MarkSweepCompact/CollectionTime"/>
<objectids-entry key="¤¤" objectid="329" type="MONITOR" value="10.244.52.66$tomcat$Description/JVM"/>
<objectids-entry key="¤¤" objectid="330" type="MONITOR" value="10.244.52.66$tomcat$Description/Specification/Host"/>
<objectids-entry key="¤¤" objectid="331" type="MONITORED_HOST" value="NeoLoad"/>
<objectids-entry key="¤¤" objectid="332" type="MONITORCONNECTION" value="NeoLoad$NeoLoad"/>
<objectids-entry key="¤¤" objectid="333" type="MONITOR" value="NeoLoad$NeoLoad$UserLoad"/>
<objectids-entry key="¤¤" objectid="334" type="MONITOR" value="NeoLoad$NeoLoad$throughput"/>
<objectids-entry key="¤¤" objectid="335" type="MONITOR" value="NeoLoad$NeoLoad$Alerts"/>
<objectids-entry key="¤¤" objectid="336" type="MONITOR" value="NeoLoad$NeoLoad$CriticalAlerts"/>
<objectids-entry key="¤¤" objectid="337" type="MONITOR" value="NeoLoad$NeoLoad$WarningAlerts"/>
<objectids-entry key="¤¤" objectid="338" type="MONITOR" value="NeoLoad$NeoLoad$cpu"/>
<objectids-entry key="¤¤" objectid="339" type="THRESHOLD" value="NeoLoad$NeoLoad$179fde5e-ec19-4c8d-879c-ae081dc8617a"/>
<objectids-entry key="¤¤" objectid="340" type="MONITOR" value="NeoLoad$NeoLoad$memory"/>
<objectids-entry key="¤¤" objectid="341" type="THRESHOLD" value="NeoLoad$NeoLoad$8ac0f095-794b-4111-bc89-2fdccdc6560b"/>
<objectids-entry key="¤¤" objectid="342" type="MONITOR" value="NeoLoad$NeoLoad$threadcount"/>
<objectids-entry key="¤¤" objectid="343" type="MONITOR" value="NeoLoad$NeoLoad$connectedlg"/>
<objectids-entry key="¤¤" objectid="344" type="MONITOR" value="NeoLoad$NeoLoad$totallgdisconnections"/>
<objectids-entry key="¤¤" objectid="345" type="THRESHOLD" value="NeoLoad$NeoLoad$922a66bc-244f-4a2a-8e94-9c388b9d864a"/>
<objectids-entry key="¤¤" objectid="346" type="MONITOR" value="NeoLoad$NeoLoad$totallgreconnections"/>
<objectids-entry key="¤¤" objectid="347" type="MONITOR" value="NeoLoad$NeoLoad$otcp.NeoLoad"/>
<objectids-entry key="¤¤" objectid="348" type="MONITOR" value="NeoLoad$NeoLoad$tcp.NeoLoad"/>
<objectids-entry key="¤¤" objectid="349" type="MONITOR" value="NeoLoad$NeoLoad$ibytesperinterface~NeoLoad~wlan0"/>
<objectids-entry key="¤¤" objectid="350" type="MONITOR" value="NeoLoad$NeoLoad$obytesperinterface~NeoLoad~wlan0"/>
<objectids-entry key="¤¤" objectid="351" type="MONITOR" value="NeoLoad$NeoLoad$ibytesperinterface~NeoLoad~eth0"/>
<objectids-entry key="¤¤" objectid="352" type="MONITOR" value="NeoLoad$NeoLoad$obytesperinterface~NeoLoad~eth0"/>
<objectids-entry key="¤¤" objectid="353" type="MONITOR" value="NeoLoad$NeoLoad$ibytesperinterface~NeoLoad~eth11"/>
<objectids-entry key="¤¤" objectid="354" type="MONITOR" value="NeoLoad$NeoLoad$obytesperinterface~NeoLoad~eth11"/>
<objectids-entry key="¤¤" objectid="355" type="MONITOR" value="NeoLoad$NeoLoad$ibytesperinterface~NeoLoad~wlan2"/>
<objectids-entry key="¤¤" objectid="356" type="MONITOR" value="NeoLoad$NeoLoad$obytesperinterface~NeoLoad~wlan2"/>
<objectids-entry key="¤¤" objectid="357" type="MONITOR" value="NeoLoad$NeoLoad$nlwebdownload"/>
<objectids-entry key="¤¤" objectid="358" type="MONITOR" value="NeoLoad$NeoLoad$nlwebupload"/>
<objectids-entry key="¤¤" objectid="359" type="MONITOR" value="NeoLoad$NeoLoad$SapUserLoad"/>
<objectids-entry key="¤¤" objectid="360" type="MONITOR" value="NeoLoad$NeoLoad$zoneuserload~Default zone"/>
<objectids-entry key="¤¤" objectid="361" type="MONITOR" value="NeoLoad$NeoLoad$zoneuserloadperpopulation~Default zone~Jpet1"/>
<objectids-entry key="¤¤" objectid="362" type="MONITOR" value="NeoLoad$NeoLoad$zoneuserloadperpopulation~Default zone~Jpet1~EXC11_Searcher"/>
<objectids-entry key="¤¤" objectid="363" type="MONITOR" value="NeoLoad$NeoLoad$zoneuserloadperpopulation~Default zone~Jpet1~EXC4_Payment_loop"/>
<objectids-entry key="¤¤" objectid="364" type="MONITORED_HOST" value="LG localhost:7100"/>
<objectids-entry key="¤¤" objectid="365" type="MONITORCONNECTION" value="LG localhost:7100$NeoLoad"/>
<objectids-entry key="¤¤" objectid="366" type="MONITOR" value="LG localhost:7100$NeoLoad$lgcpu.localhost:7100"/>
<objectids-entry key="¤¤" objectid="367" type="THRESHOLD" value="LG localhost:7100$NeoLoad$c0be49e1-d160-4547-93fc-d6c3aad9ce81"/>
<objectids-entry key="¤¤" objectid="368" type="MONITOR" value="LG localhost:7100$NeoLoad$lgmemory.localhost:7100"/>
<objectids-entry key="¤¤" objectid="369" type="THRESHOLD" value="LG localhost:7100$NeoLoad$4e816e6b-659f-4aa8-bf3d-ec5d31637613"/>
<objectids-entry key="¤¤" objectid="370" type="MONITOR" value="LG localhost:7100$NeoLoad$lgthroughput.localhost:7100"/>
<objectids-entry key="¤¤" objectid="371" type="MONITOR" value="LG localhost:7100$NeoLoad$lguserloadperpopulation~localhost:7100"/>
<objectids-entry key="¤¤" objectid="372" type="MONITOR" value="LG localhost:7100$NeoLoad$lgthreadcount.localhost:7100"/>
<objectids-entry key="¤¤" objectid="373" type="MONITOR" value="LG localhost:7100$NeoLoad$lg.jetty.httpclient.threadpool.used.localhost:7100"/>
<objectids-entry key="¤¤" objectid="374" type="MONITOR" value="LG localhost:7100$NeoLoad$lg.jetty.httpclient.taskpool.used.localhost:7100"/>
<objectids-entry key="¤¤" objectid="375" type="THRESHOLD" value="LG localhost:7100$NeoLoad$302aaae3-b863-4263-8833-b876f8b9a797"/>
<objectids-entry key="¤¤" objectid="376" type="MONITOR" value="LG localhost:7100$NeoLoad$lgdisconnections.localhost:7100"/>
<objectids-entry key="¤¤" objectid="377" type="MONITOR" value="LG localhost:7100$NeoLoad$lgreconnections.localhost:7100"/>
<objectids-entry key="¤¤" objectid="378" type="MONITOR" value="LG localhost:7100$NeoLoad$lgping.localhost:7100"/>
<objectids-entry key="¤¤" objectid="379" type="MONITOR" value="LG localhost:7100$NeoLoad$lgotcp.localhost:7100"/>
<objectids-entry key="¤¤" objectid="380" type="MONITOR" value="LG localhost:7100$NeoLoad$lgtcp.localhost:7100"/>
<objectids-entry key="¤¤" objectid="381" type="MONITOR" value="LG localhost:7100$NeoLoad$lgibytesperinterface~localhost:7100~wlan0"/>
<objectids-entry key="¤¤" objectid="382" type="MONITOR" value="LG localhost:7100$NeoLoad$lgobytesperinterface~localhost:7100~wlan0"/>
<objectids-entry key="¤¤" objectid="383" type="MONITOR" value="LG localhost:7100$NeoLoad$lgibytesperinterface~localhost:7100~eth0"/>
<objectids-entry key="¤¤" objectid="384" type="MONITOR" value="LG localhost:7100$NeoLoad$lgobytesperinterface~localhost:7100~eth0"/>
<objectids-entry key="¤¤" objectid="385" type="MONITOR" value="LG localhost:7100$NeoLoad$lgibytesperinterface~localhost:7100~eth11"/>
<objectids-entry key="¤¤" objectid="386" type="MONITOR" value="LG localhost:7100$NeoLoad$lgobytesperinterface~localhost:7100~eth11"/>
<objectids-entry key="¤¤" objectid="387" type="MONITOR" value="LG localhost:7100$NeoLoad$lgibytesperinterface~localhost:7100~wlan2"/>
<objectids-entry key="¤¤" objectid="388" type="MONITOR" value="LG localhost:7100$NeoLoad$lgobytesperinterface~localhost:7100~wlan2"/>
</objectids-table>
<!--****** DURATION ******-->
<duration value="300107"/>
<!--****** AGGREGATION PERIOD ******-->
<aggregation-period value="1000"/>
<!--****** EXTENDED STATISTICS ******-->
<truncated-mean centered-interval="true" percentage="90"/>
<percentile percentage="50"/>
</project>
