
	<!DOCTYPE project [
		<!ELEMENT project (objectids-table | current-scenario | duration | aggregation-period | truncated-mean | percentile)* >
	
		<!ELEMENT objectids-table (objectids-entry)* >
		<!ELEMENT objectids-entry (#PCDATA)>
		<!ELEMENT duration (#PCDATA)>
		<!ELEMENT truncated-mean (#PCDATA)>
		<!ELEMENT percentile (#PCDATA)>
		<!ELEMENT aggregation-period (#PCDATA)>
		<!ELEMENT current-scenario (#PCDATA)>
		<!ATTLIST duration
		    value CDATA #REQUIRED>
	    <!ATTLIST aggregation-period
		    value CDATA #REQUIRED>
		<!ATTLIST objectids-entry
		    objectid CDATA #REQUIRED
		    type CDATA #REQUIRED
		    value CDATA #REQUIRED
		    key CDATA #REQUIRED>
		<!ATTLIST truncated-mean
		    centered-interval CDATA #REQUIRED
		    percentage CDATA #REQUIRED>
		 <!ATTLIST percentile
		    percentage CDATA #REQUIRED>
	]>


<!--****** RUNTIME PROJECT ******--><project>
<!--****** CURRENT SCENARIO ******-->
<current-scenario>scenario1</current-scenario>
<!--****** OBJECTIDS ******-->
<objectids-table>
<objectids-entry key="" objectid="0" type="LG_HOST" value="localhost:7100"/>
<objectids-entry key="" objectid="1" type="ZONE" value="Default zone"/>
<objectids-entry key="Default zone¤sq¤" objectid="2" type="POPULATION" value="sq"/>
<objectids-entry key="Default zone¤sq¤Exc18_recording_sharedVariable" objectid="3" type="VIRTUAL_USER" value="Exc18_recording_sharedVariable"/>
<objectids-entry key="Default zone¤sq¤Exc18_recording_sharedVariable" objectid="4" type="BASIC_LOGICAL_CONTAINER" value="$parent=Exc18_recording_sharedVariable;$index=0"/>
<objectids-entry key="Default zone¤sq¤Exc18_recording_sharedVariable" objectid="5" type="BASIC_LOGICAL_CONTAINER" value="$parent=Exc18_recording_sharedVariable;$index=1"/>
<objectids-entry key="Default zone¤sq¤Exc18_recording_sharedVariable" objectid="6" type="HTTP_PAGE" value="5d883831-cd19-4d3f-969a-52ab2dc6094a"/>
<objectids-entry key="Default zone¤sq¤Exc18_recording_sharedVariable" objectid="7" type="ACTION" value="32dc284b-f142-4444-b38a-c4837a8c91f2"/>
<objectids-entry key="Default zone¤sq¤Exc18_recording_sharedVariable" objectid="8" type="ACTION" value="c44cf481-1e26-4621-bf87-86581335aac7"/>
<objectids-entry key="Default zone¤sq¤Exc18_recording_sharedVariable" objectid="9" type="ACTION" value="647c3fc6-c7df-433e-a318-5e539ee56dd1"/>
<objectids-entry key="Default zone¤sq¤Exc18_recording_sharedVariable" objectid="10" type="ACTION" value="585f35e2-bc5e-48de-937d-7909d07b040c"/>
<objectids-entry key="Default zone¤sq¤Exc18_recording_sharedVariable" objectid="11" type="ACTION" value="441953e4-9255-4898-807d-f6bdedae56cc"/>
<objectids-entry key="Default zone¤sq¤Exc18_recording_sharedVariable" objectid="12" type="ACTION" value="5434d5c3-6fad-487a-ac5e-6f01a5f2557a"/>
<objectids-entry key="Default zone¤sq¤Exc18_recording_sharedVariable" objectid="13" type="ACTION" value="bdf9460a-d343-40e3-b998-4d335d652a16"/>
<objectids-entry key="Default zone¤sq¤Exc18_recording_sharedVariable" objectid="14" type="ACTION" value="4d429b03-7e02-4826-9ab0-64b1591edbb5"/>
<objectids-entry key="Default zone¤sq¤Exc18_recording_sharedVariable" objectid="15" type="ACTION" value="d921d8e9-7485-4373-b37a-fee9993bbcb8"/>
<objectids-entry key="Default zone¤sq¤Exc18_recording_sharedVariable" objectid="16" type="BASIC_LOGICAL_CONTAINER" value="676b2ba1-963c-4d4a-9fe3-82da7fc9ffb8"/>
<objectids-entry key="Default zone¤sq¤Exc18_recording_sharedVariable" objectid="17" type="HTTP_PAGE" value="26da45d4-e98f-4084-a05b-b1223cb4bfca"/>
<objectids-entry key="Default zone¤sq¤Exc18_recording_sharedVariable" objectid="18" type="ACTION" value="0a73f568-e20e-4cba-aa84-24ab6c0fb9a2"/>
<objectids-entry key="Default zone¤sq¤Exc18_recording_sharedVariable" objectid="19" type="ACTION" value="9c9aaf9e-b5dd-40c1-8fd4-02d3eaf8558d"/>
<objectids-entry key="Default zone¤sq¤Exc18_recording_sharedVariable" objectid="20" type="ACTION" value="b68a3009-7020-498e-ba91-96476d9e0158"/>
<objectids-entry key="Default zone¤sq¤Exc18_recording_sharedVariable" objectid="21" type="ACTION" value="549cb4e9-e01b-49d1-8c27-1ae984870a31"/>
<objectids-entry key="Default zone¤sq¤Exc18_recording_sharedVariable" objectid="22" type="ACTION" value="9a269a18-d587-4767-b6b5-afda67302c6f"/>
<objectids-entry key="Default zone¤sq¤Exc18_recording_sharedVariable" objectid="23" type="ACTION" value="c32e11d7-8623-4ab7-8973-78ae9c78774c"/>
<objectids-entry key="Default zone¤sq¤Exc18_recording_sharedVariable" objectid="24" type="ACTION" value="7467b85e-46b5-4b76-a629-7521dd0fcfdb"/>
<objectids-entry key="Default zone¤sq¤Exc18_recording_sharedVariable" objectid="25" type="ACTION" value="609f332b-476b-4c98-b3f3-7023724e3fe3"/>
<objectids-entry key="Default zone¤sq¤Exc18_recording_sharedVariable" objectid="26" type="HTTP_PAGE" value="b49fca72-66bd-4b72-8a5e-43fb41b660e2"/>
<objectids-entry key="Default zone¤sq¤Exc18_recording_sharedVariable" objectid="27" type="ACTION" value="09d00139-ddd5-453c-8d4c-1c2bd7ffc5b6"/>
<objectids-entry key="Default zone¤sq¤Exc18_recording_sharedVariable" objectid="28" type="ACTION" value="adca3546-efc8-4ee4-a42d-cb97409735ae"/>
<objectids-entry key="Default zone¤sq¤Exc18_recording_sharedVariable" objectid="29" type="ACTION" value="8f7c0c39-9fd4-4b11-ba60-69812708ca23"/>
<objectids-entry key="Default zone¤sq¤Exc18_recording_sharedVariable" objectid="30" type="ACTION" value="aabac690-6658-47d6-ae89-1573bb6b9e03"/>
<objectids-entry key="Default zone¤sq¤Exc18_recording_sharedVariable" objectid="31" type="ACTION" value="c102bc3b-a2d7-4d49-a626-fcb0584fb76a"/>
<objectids-entry key="Default zone¤sq¤Exc18_recording_sharedVariable" objectid="32" type="ACTION" value="cd2ce26e-3c78-496d-b883-a74382cd20cf"/>
<objectids-entry key="Default zone¤sq¤Exc18_recording_sharedVariable" objectid="33" type="ACTION" value="a31f7783-72bf-42f5-ac85-9c39605e04b3"/>
<objectids-entry key="Default zone¤sq¤Exc18_recording_sharedVariable" objectid="34" type="ACTION" value="d92ba3ac-f2b0-41f6-8e93-1d2ab537abb8"/>
<objectids-entry key="Default zone¤sq¤Exc18_recording_sharedVariable" objectid="35" type="ACTION" value="326fc6ce-61f9-4283-bb66-aba685b9477a"/>
<objectids-entry key="Default zone¤sq¤Exc18_recording_sharedVariable" objectid="36" type="ACTION" value="45af3803-ad39-49ae-ba50-4334e5fee20c"/>
<objectids-entry key="Default zone¤sq¤Exc18_recording_sharedVariable" objectid="37" type="VARIABLE_MODIFIER" value="83e7e9b2-d78e-43cb-bb20-1fdcfc46e99c"/>
<objectids-entry key="Default zone¤sq¤Exc18_recording_sharedVariable" objectid="38" type="IF" value="5a21b0fd-0360-46d3-b9b3-35de0d0311ef"/>
<objectids-entry key="Default zone¤sq¤Exc18_recording_sharedVariable" objectid="39" type="BASIC_LOGICAL_CONTAINER" value="$parent=5a21b0fd-0360-46d3-b9b3-35de0d0311ef;$index=0"/>
<objectids-entry key="Default zone¤sq¤Exc18_recording_sharedVariable" objectid="40" type="BASIC_LOGICAL_CONTAINER" value="67e9dc87-a135-42c5-a438-daccf4041d46"/>
<objectids-entry key="Default zone¤sq¤Exc18_recording_sharedVariable" objectid="41" type="HTTP_PAGE" value="64f1758c-ceeb-4166-b3a2-dca6b99db2ac"/>
<objectids-entry key="Default zone¤sq¤Exc18_recording_sharedVariable" objectid="42" type="ACTION" value="8cece604-2f26-4ece-95c2-170b89a2844b"/>
<objectids-entry key="Default zone¤sq¤Exc18_recording_sharedVariable" objectid="43" type="BASIC_LOGICAL_CONTAINER" value="1a6eb4b7-0a89-4210-be0c-46da9985d97c"/>
<objectids-entry key="Default zone¤sq¤Exc18_recording_sharedVariable" objectid="44" type="HTTP_PAGE" value="fa1070a9-309e-43a4-b680-e220c162d5a9"/>
<objectids-entry key="Default zone¤sq¤Exc18_recording_sharedVariable" objectid="45" type="ACTION" value="6ef51634-c547-4186-9a13-2a59c64c37a7"/>
<objectids-entry key="Default zone¤sq¤Exc18_recording_sharedVariable" objectid="46" type="ACTION" value="0a34acdf-c70d-42f3-9719-a5b253b73ce0"/>
<objectids-entry key="Default zone¤sq¤Exc18_recording_sharedVariable" objectid="47" type="ACTION" value="a2d8a4ff-cb85-443e-833d-e7741a6e89b4"/>
<objectids-entry key="Default zone¤sq¤Exc18_recording_sharedVariable" objectid="48" type="BASIC_LOGICAL_CONTAINER" value="a46fed3e-d333-41e0-828a-98678b851778"/>
<objectids-entry key="Default zone¤sq¤Exc18_recording_sharedVariable" objectid="49" type="HTTP_PAGE" value="357079ca-1e5b-475f-8036-60b36da22265"/>
<objectids-entry key="Default zone¤sq¤Exc18_recording_sharedVariable" objectid="50" type="ACTION" value="60ffb6ce-a6b7-41da-98dc-c673b51d3772"/>
<objectids-entry key="Default zone¤sq¤Exc18_recording_sharedVariable" objectid="51" type="ACTION" value="1b69829d-9d79-49b6-9343-de717b5cae18"/>
<objectids-entry key="Default zone¤sq¤Exc18_recording_sharedVariable" objectid="52" type="ACTION" value="086e56a4-197a-45c6-bfd7-16d75faa3f99"/>
<objectids-entry key="Default zone¤sq¤Exc18_recording_sharedVariable" objectid="53" type="ACTION" value="2537b4a1-9905-4e39-8dbe-786b95e6f3bf"/>
<objectids-entry key="Default zone¤sq¤Exc18_recording_sharedVariable" objectid="54" type="ACTION" value="2fd09b4a-5e1f-48a6-b1f5-de7ba563dcdd"/>
<objectids-entry key="Default zone¤sq¤Exc18_recording_sharedVariable" objectid="55" type="BASIC_LOGICAL_CONTAINER" value="5c88e72e-c858-45fb-adb8-4069cf462a7f"/>
<objectids-entry key="Default zone¤sq¤Exc18_recording_sharedVariable" objectid="56" type="HTTP_PAGE" value="59459506-5ffb-4f4b-aad5-dbe65f1333bd"/>
<objectids-entry key="Default zone¤sq¤Exc18_recording_sharedVariable" objectid="57" type="ACTION" value="a1cbe0c1-985b-42f8-bbe5-952cb881ba16"/>
<objectids-entry key="Default zone¤sq¤Exc18_recording_sharedVariable" objectid="58" type="ACTION" value="f616efd7-f860-41c3-8d16-67e9a4b8b768"/>
<objectids-entry key="Default zone¤sq¤Exc18_recording_sharedVariable" objectid="59" type="HTTP_PAGE" value="13b880f0-6c1d-4989-8e21-0ad846db4bb5"/>
<objectids-entry key="Default zone¤sq¤Exc18_recording_sharedVariable" objectid="60" type="ACTION" value="9f7bfbb7-1eb0-4423-8b26-57f54eef3695"/>
<objectids-entry key="Default zone¤sq¤Exc18_recording_sharedVariable" objectid="61" type="BASIC_LOGICAL_CONTAINER" value="f2b31a37-786e-4523-a0d6-44aa08bdaaa3"/>
<objectids-entry key="Default zone¤sq¤Exc18_recording_sharedVariable" objectid="62" type="HTTP_PAGE" value="3bac289c-8eb7-4fec-b749-5b101a10ad8d"/>
<objectids-entry key="Default zone¤sq¤Exc18_recording_sharedVariable" objectid="63" type="ACTION" value="92f45b95-16f7-46e7-a046-f3dbd7ad98b6"/>
<objectids-entry key="Default zone¤sq¤Exc18_recording_sharedVariable" objectid="64" type="HTTP_PAGE" value="f5ce3d44-3596-4ff5-b188-d2d70e93cc92"/>
<objectids-entry key="Default zone¤sq¤Exc18_recording_sharedVariable" objectid="65" type="ACTION" value="d248f992-3bbe-46db-9944-e528510ba5f2"/>
<objectids-entry key="Default zone¤sq¤Exc18_recording_sharedVariable" objectid="66" type="BASIC_LOGICAL_CONTAINER" value="$parent=5a21b0fd-0360-46d3-b9b3-35de0d0311ef;$index=1"/>
<objectids-entry key="Default zone¤sq¤Exc18_recording_sharedVariable" objectid="67" type="BASIC_LOGICAL_CONTAINER" value="b3785946-2eec-46db-9fb6-941d13f4e404"/>
<objectids-entry key="Default zone¤sq¤Exc18_recording_sharedVariable" objectid="68" type="HTTP_PAGE" value="f63b21e0-5f3d-45b2-9f50-03dc762a76d7"/>
<objectids-entry key="Default zone¤sq¤Exc18_recording_sharedVariable" objectid="69" type="ACTION" value="32a3bf3e-1acb-47ee-be5f-cfb7070b27d2"/>
<objectids-entry key="Default zone¤sq¤Exc18_recording_sharedVariable" objectid="70" type="GO_TO_NEXT_ITERATION" value="dce343e9-3ebb-4c59-a330-b9a04d5af639"/>
<objectids-entry key="Default zone¤sq¤Exc18_recording_sharedVariable" objectid="71" type="BASIC_LOGICAL_CONTAINER" value="38f2c013-b907-4db5-b159-587e553aee65"/>
<objectids-entry key="Default zone¤sq¤Exc18_recording_sharedVariable" objectid="72" type="HTTP_PAGE" value="71f2ef6e-25e5-450c-b2ab-5f1a3994531e"/>
<objectids-entry key="Default zone¤sq¤Exc18_recording_sharedVariable" objectid="73" type="ACTION" value="4c001ecb-d912-4f25-9bb1-01ae2167d735"/>
<objectids-entry key="Default zone¤sq¤Exc18_recording_sharedVariable" objectid="74" type="BASIC_LOGICAL_CONTAINER" value="$parent=Exc18_recording_sharedVariable;$index=2"/>
<objectids-entry key="¤¤" objectid="75" type="MONITORED_HOST" value="10.244.52.66"/>
<objectids-entry key="¤¤" objectid="76" type="MONITORCONNECTION" value="10.244.52.66$tomcat"/>
<objectids-entry key="¤¤" objectid="77" type="MONITOR" value="10.244.52.66$tomcat$RequestProcessor/http-8080/errorCount"/>
<objectids-entry key="¤¤" objectid="78" type="MONITOR" value="10.244.52.66$tomcat$RequestProcessor/http-8080/% errorCount"/>
<objectids-entry key="¤¤" objectid="79" type="THRESHOLD" value="10.244.52.66$tomcat$c2039aac-9a3b-4af5-87ec-5e17843b1eda"/>
<objectids-entry key="¤¤" objectid="80" type="MONITOR" value="10.244.52.66$tomcat$RequestProcessor/jk-8009/errorCount"/>
<objectids-entry key="¤¤" objectid="81" type="MONITOR" value="10.244.52.66$tomcat$RequestProcessor/jk-8009/% errorCount"/>
<objectids-entry key="¤¤" objectid="82" type="THRESHOLD" value="10.244.52.66$tomcat$5026ba04-ef0c-4d94-a373-201a9c78ad32"/>
<objectids-entry key="¤¤" objectid="83" type="MONITOR" value="10.244.52.66$tomcat$ThreadPool/http-8080/currentThreadsBusy"/>
<objectids-entry key="¤¤" objectid="84" type="MONITOR" value="10.244.52.66$tomcat$ThreadPool/http-8080/% currentThreadsBusy"/>
<objectids-entry key="¤¤" objectid="85" type="THRESHOLD" value="10.244.52.66$tomcat$38f3e3c6-f88f-49bc-ba3e-93b58f5d3f68"/>
<objectids-entry key="¤¤" objectid="86" type="MONITOR" value="10.244.52.66$tomcat$ThreadPool/http-8080/threadsConfiguration"/>
<objectids-entry key="¤¤" objectid="87" type="MONITOR" value="10.244.52.66$tomcat$ThreadPool/jk-8009/currentThreadsBusy"/>
<objectids-entry key="¤¤" objectid="88" type="MONITOR" value="10.244.52.66$tomcat$ThreadPool/jk-8009/% currentThreadsBusy"/>
<objectids-entry key="¤¤" objectid="89" type="THRESHOLD" value="10.244.52.66$tomcat$493ded97-353e-4b96-af30-ee0bcea6f653"/>
<objectids-entry key="¤¤" objectid="90" type="MONITOR" value="10.244.52.66$tomcat$ThreadPool/jk-8009/threadsConfiguration"/>
<objectids-entry key="¤¤" objectid="91" type="MONITOR" value="10.244.52.66$tomcat$VM/Memory/Used"/>
<objectids-entry key="¤¤" objectid="92" type="MONITOR" value="10.244.52.66$tomcat$VM/Memory/% Used"/>
<objectids-entry key="¤¤" objectid="93" type="THRESHOLD" value="10.244.52.66$tomcat$5a7ae4ce-31b6-42ca-948e-5961d1a283b3"/>
<objectids-entry key="¤¤" objectid="94" type="MONITOR" value="10.244.52.66$tomcat$VM/Memory/Max"/>
<objectids-entry key="¤¤" objectid="95" type="MONITOR" value="10.244.52.66$tomcat$VM/Garbage Collector/Copy/CollectionTime"/>
<objectids-entry key="¤¤" objectid="96" type="MONITOR" value="10.244.52.66$tomcat$VM/Garbage Collector/MarkSweepCompact/CollectionTime"/>
<objectids-entry key="¤¤" objectid="97" type="MONITOR" value="10.244.52.66$tomcat$Description/JVM"/>
<objectids-entry key="¤¤" objectid="98" type="MONITOR" value="10.244.52.66$tomcat$Description/Specification/Host"/>
<objectids-entry key="¤¤" objectid="99" type="MONITORED_HOST" value="NeoLoad"/>
<objectids-entry key="¤¤" objectid="100" type="MONITORCONNECTION" value="NeoLoad$NeoLoad"/>
<objectids-entry key="¤¤" objectid="101" type="MONITOR" value="NeoLoad$NeoLoad$UserLoad"/>
<objectids-entry key="¤¤" objectid="102" type="MONITOR" value="NeoLoad$NeoLoad$throughput"/>
<objectids-entry key="¤¤" objectid="103" type="MONITOR" value="NeoLoad$NeoLoad$Alerts"/>
<objectids-entry key="¤¤" objectid="104" type="MONITOR" value="NeoLoad$NeoLoad$CriticalAlerts"/>
<objectids-entry key="¤¤" objectid="105" type="MONITOR" value="NeoLoad$NeoLoad$WarningAlerts"/>
<objectids-entry key="¤¤" objectid="106" type="MONITOR" value="NeoLoad$NeoLoad$cpu"/>
<objectids-entry key="¤¤" objectid="107" type="THRESHOLD" value="NeoLoad$NeoLoad$495456ab-add5-4440-baac-707183be7ed8"/>
<objectids-entry key="¤¤" objectid="108" type="MONITOR" value="NeoLoad$NeoLoad$memory"/>
<objectids-entry key="¤¤" objectid="109" type="THRESHOLD" value="NeoLoad$NeoLoad$9f0ba3c7-18ae-4641-82c1-12dfc523f5d8"/>
<objectids-entry key="¤¤" objectid="110" type="MONITOR" value="NeoLoad$NeoLoad$threadcount"/>
<objectids-entry key="¤¤" objectid="111" type="MONITOR" value="NeoLoad$NeoLoad$connectedlg"/>
<objectids-entry key="¤¤" objectid="112" type="MONITOR" value="NeoLoad$NeoLoad$totallgdisconnections"/>
<objectids-entry key="¤¤" objectid="113" type="THRESHOLD" value="NeoLoad$NeoLoad$383d6e0e-ce2f-462b-b2d6-21eca078df3c"/>
<objectids-entry key="¤¤" objectid="114" type="MONITOR" value="NeoLoad$NeoLoad$totallgreconnections"/>
<objectids-entry key="¤¤" objectid="115" type="MONITOR" value="NeoLoad$NeoLoad$otcp.NeoLoad"/>
<objectids-entry key="¤¤" objectid="116" type="MONITOR" value="NeoLoad$NeoLoad$tcp.NeoLoad"/>
<objectids-entry key="¤¤" objectid="117" type="MONITOR" value="NeoLoad$NeoLoad$ibytesperinterface~NeoLoad~wlan0"/>
<objectids-entry key="¤¤" objectid="118" type="MONITOR" value="NeoLoad$NeoLoad$obytesperinterface~NeoLoad~wlan0"/>
<objectids-entry key="¤¤" objectid="119" type="MONITOR" value="NeoLoad$NeoLoad$ibytesperinterface~NeoLoad~eth0"/>
<objectids-entry key="¤¤" objectid="120" type="MONITOR" value="NeoLoad$NeoLoad$obytesperinterface~NeoLoad~eth0"/>
<objectids-entry key="¤¤" objectid="121" type="MONITOR" value="NeoLoad$NeoLoad$ibytesperinterface~NeoLoad~eth11"/>
<objectids-entry key="¤¤" objectid="122" type="MONITOR" value="NeoLoad$NeoLoad$obytesperinterface~NeoLoad~eth11"/>
<objectids-entry key="¤¤" objectid="123" type="MONITOR" value="NeoLoad$NeoLoad$ibytesperinterface~NeoLoad~wlan2"/>
<objectids-entry key="¤¤" objectid="124" type="MONITOR" value="NeoLoad$NeoLoad$obytesperinterface~NeoLoad~wlan2"/>
<objectids-entry key="¤¤" objectid="125" type="MONITOR" value="NeoLoad$NeoLoad$nlwebdownload"/>
<objectids-entry key="¤¤" objectid="126" type="MONITOR" value="NeoLoad$NeoLoad$nlwebupload"/>
<objectids-entry key="¤¤" objectid="127" type="MONITOR" value="NeoLoad$NeoLoad$SapUserLoad"/>
<objectids-entry key="¤¤" objectid="128" type="MONITOR" value="NeoLoad$NeoLoad$zoneuserload~Default zone"/>
<objectids-entry key="¤¤" objectid="129" type="MONITOR" value="NeoLoad$NeoLoad$zoneuserloadperpopulation~Default zone~sq"/>
<objectids-entry key="¤¤" objectid="130" type="MONITOR" value="NeoLoad$NeoLoad$zoneuserloadperpopulation~Default zone~sq~Exc18_recording_sharedVariable"/>
<objectids-entry key="¤¤" objectid="131" type="MONITORED_HOST" value="LG localhost:7100"/>
<objectids-entry key="¤¤" objectid="132" type="MONITORCONNECTION" value="LG localhost:7100$NeoLoad"/>
<objectids-entry key="¤¤" objectid="133" type="MONITOR" value="LG localhost:7100$NeoLoad$lgcpu.localhost:7100"/>
<objectids-entry key="¤¤" objectid="134" type="THRESHOLD" value="LG localhost:7100$NeoLoad$45ac50e9-d3f8-4ae0-87ef-cf937c2168fc"/>
<objectids-entry key="¤¤" objectid="135" type="MONITOR" value="LG localhost:7100$NeoLoad$lgmemory.localhost:7100"/>
<objectids-entry key="¤¤" objectid="136" type="THRESHOLD" value="LG localhost:7100$NeoLoad$c3f73d7a-3a9d-46f1-9369-9e883872c2a6"/>
<objectids-entry key="¤¤" objectid="137" type="MONITOR" value="LG localhost:7100$NeoLoad$lgthroughput.localhost:7100"/>
<objectids-entry key="¤¤" objectid="138" type="MONITOR" value="LG localhost:7100$NeoLoad$lguserloadperpopulation~localhost:7100"/>
<objectids-entry key="¤¤" objectid="139" type="MONITOR" value="LG localhost:7100$NeoLoad$lgthreadcount.localhost:7100"/>
<objectids-entry key="¤¤" objectid="140" type="MONITOR" value="LG localhost:7100$NeoLoad$lg.jetty.httpclient.threadpool.used.localhost:7100"/>
<objectids-entry key="¤¤" objectid="141" type="MONITOR" value="LG localhost:7100$NeoLoad$lg.jetty.httpclient.taskpool.used.localhost:7100"/>
<objectids-entry key="¤¤" objectid="142" type="THRESHOLD" value="LG localhost:7100$NeoLoad$5e23f99d-07e0-46cb-bad8-21460fcaccd7"/>
<objectids-entry key="¤¤" objectid="143" type="MONITOR" value="LG localhost:7100$NeoLoad$lgdisconnections.localhost:7100"/>
<objectids-entry key="¤¤" objectid="144" type="MONITOR" value="LG localhost:7100$NeoLoad$lgreconnections.localhost:7100"/>
<objectids-entry key="¤¤" objectid="145" type="MONITOR" value="LG localhost:7100$NeoLoad$lgping.localhost:7100"/>
<objectids-entry key="¤¤" objectid="146" type="MONITOR" value="LG localhost:7100$NeoLoad$lgotcp.localhost:7100"/>
<objectids-entry key="¤¤" objectid="147" type="MONITOR" value="LG localhost:7100$NeoLoad$lgtcp.localhost:7100"/>
<objectids-entry key="¤¤" objectid="148" type="MONITOR" value="LG localhost:7100$NeoLoad$lgibytesperinterface~localhost:7100~wlan0"/>
<objectids-entry key="¤¤" objectid="149" type="MONITOR" value="LG localhost:7100$NeoLoad$lgobytesperinterface~localhost:7100~wlan0"/>
<objectids-entry key="¤¤" objectid="150" type="MONITOR" value="LG localhost:7100$NeoLoad$lgibytesperinterface~localhost:7100~eth0"/>
<objectids-entry key="¤¤" objectid="151" type="MONITOR" value="LG localhost:7100$NeoLoad$lgobytesperinterface~localhost:7100~eth0"/>
<objectids-entry key="¤¤" objectid="152" type="MONITOR" value="LG localhost:7100$NeoLoad$lgibytesperinterface~localhost:7100~eth11"/>
<objectids-entry key="¤¤" objectid="153" type="MONITOR" value="LG localhost:7100$NeoLoad$lgobytesperinterface~localhost:7100~eth11"/>
<objectids-entry key="¤¤" objectid="154" type="MONITOR" value="LG localhost:7100$NeoLoad$lgibytesperinterface~localhost:7100~wlan2"/>
<objectids-entry key="¤¤" objectid="155" type="MONITOR" value="LG localhost:7100$NeoLoad$lgobytesperinterface~localhost:7100~wlan2"/>
</objectids-table>
<!--****** DURATION ******-->
<duration value="-37853"/>
<!--****** AGGREGATION PERIOD ******-->
<aggregation-period value="5000"/>
<!--****** EXTENDED STATISTICS ******-->
<truncated-mean centered-interval="true" percentage="90"/>
<percentile percentage="50"/>
</project>
