
	<!DOCTYPE project [
		<!ELEMENT project (objectids-table | current-scenario | duration | aggregation-period | truncated-mean | percentile)* >
	
		<!ELEMENT objectids-table (objectids-entry)* >
		<!ELEMENT objectids-entry (#PCDATA)>
		<!ELEMENT duration (#PCDATA)>
		<!ELEMENT truncated-mean (#PCDATA)>
		<!ELEMENT percentile (#PCDATA)>
		<!ELEMENT aggregation-period (#PCDATA)>
		<!ELEMENT current-scenario (#PCDATA)>
		<!ATTLIST duration
		    value CDATA #REQUIRED>
	    <!ATTLIST aggregation-period
		    value CDATA #REQUIRED>
		<!ATTLIST objectids-entry
		    objectid CDATA #REQUIRED
		    type CDATA #REQUIRED
		    value CDATA #REQUIRED
		    key CDATA #REQUIRED>
		<!ATTLIST truncated-mean
		    centered-interval CDATA #REQUIRED
		    percentage CDATA #REQUIRED>
		 <!ATTLIST percentile
		    percentage CDATA #REQUIRED>
	]>


<!--****** RUNTIME PROJECT ******--><project>
<!--****** CURRENT SCENARIO ******-->
<current-scenario>jpetscenario</current-scenario>
<!--****** OBJECTIDS ******-->
<objectids-table>
<objectids-entry key="" objectid="0" type="LG_HOST" value="localhost:7100"/>
<objectids-entry key="" objectid="1" type="ZONE" value="Default zone"/>
<objectids-entry key="Default zone¤sq¤" objectid="2" type="POPULATION" value="sq"/>
<objectids-entry key="Default zone¤sq¤Exc18_recording_sharedVariable" objectid="3" type="VIRTUAL_USER" value="Exc18_recording_sharedVariable"/>
<objectids-entry key="Default zone¤sq¤Exc18_recording_sharedVariable" objectid="4" type="BASIC_LOGICAL_CONTAINER" value="$parent=Exc18_recording_sharedVariable;$index=0"/>
<objectids-entry key="Default zone¤sq¤Exc18_recording_sharedVariable" objectid="5" type="BASIC_LOGICAL_CONTAINER" value="$parent=Exc18_recording_sharedVariable;$index=1"/>
<objectids-entry key="Default zone¤sq¤Exc18_recording_sharedVariable" objectid="6" type="HTTP_PAGE" value="b6eb2f5b-875e-4420-8dd3-bd6a51b72ad7"/>
<objectids-entry key="Default zone¤sq¤Exc18_recording_sharedVariable" objectid="7" type="ACTION" value="6db5217b-1f54-4e9d-a3df-51e5d2b1e735"/>
<objectids-entry key="Default zone¤sq¤Exc18_recording_sharedVariable" objectid="8" type="ACTION" value="775bdb3c-d7ed-4d37-8103-062d45da1359"/>
<objectids-entry key="Default zone¤sq¤Exc18_recording_sharedVariable" objectid="9" type="ACTION" value="2c6c6b1c-edfe-4db7-956f-8e8f90d98076"/>
<objectids-entry key="Default zone¤sq¤Exc18_recording_sharedVariable" objectid="10" type="ACTION" value="e177699d-afb4-4c71-9a61-7d4925a37d91"/>
<objectids-entry key="Default zone¤sq¤Exc18_recording_sharedVariable" objectid="11" type="ACTION" value="1d01f77f-288e-4bfb-9cc0-820c46890ca9"/>
<objectids-entry key="Default zone¤sq¤Exc18_recording_sharedVariable" objectid="12" type="ACTION" value="42c896fb-3092-4db5-b76c-31132666f1c6"/>
<objectids-entry key="Default zone¤sq¤Exc18_recording_sharedVariable" objectid="13" type="ACTION" value="33cf939d-1131-464b-b8af-39ac6960856e"/>
<objectids-entry key="Default zone¤sq¤Exc18_recording_sharedVariable" objectid="14" type="ACTION" value="e13bccd8-5cfc-4713-99dd-8b526c60d765"/>
<objectids-entry key="Default zone¤sq¤Exc18_recording_sharedVariable" objectid="15" type="ACTION" value="3291f0b8-547f-42d7-aa58-01f94650a7ec"/>
<objectids-entry key="Default zone¤sq¤Exc18_recording_sharedVariable" objectid="16" type="BASIC_LOGICAL_CONTAINER" value="19c02429-9dec-45b5-9161-4c549ad40f2b"/>
<objectids-entry key="Default zone¤sq¤Exc18_recording_sharedVariable" objectid="17" type="HTTP_PAGE" value="d6f64023-6f39-4735-a07b-e2e181bc54f1"/>
<objectids-entry key="Default zone¤sq¤Exc18_recording_sharedVariable" objectid="18" type="ACTION" value="2ac68490-c7cd-4cb3-96f8-950804434349"/>
<objectids-entry key="Default zone¤sq¤Exc18_recording_sharedVariable" objectid="19" type="ACTION" value="5c810b61-b4c4-4718-88cb-6f2271198b13"/>
<objectids-entry key="Default zone¤sq¤Exc18_recording_sharedVariable" objectid="20" type="ACTION" value="14a2d1d5-06b8-4952-840f-e7a70d69619a"/>
<objectids-entry key="Default zone¤sq¤Exc18_recording_sharedVariable" objectid="21" type="ACTION" value="ae396812-f3db-4056-a1f7-773c9fb97b82"/>
<objectids-entry key="Default zone¤sq¤Exc18_recording_sharedVariable" objectid="22" type="ACTION" value="3db92f0d-7d10-4079-9a28-c73b6efddcd6"/>
<objectids-entry key="Default zone¤sq¤Exc18_recording_sharedVariable" objectid="23" type="ACTION" value="5278a4f3-a465-4ff7-8c7d-109c8fcd2af2"/>
<objectids-entry key="Default zone¤sq¤Exc18_recording_sharedVariable" objectid="24" type="ACTION" value="cdbed312-f17c-4853-adf6-8941f37cba29"/>
<objectids-entry key="Default zone¤sq¤Exc18_recording_sharedVariable" objectid="25" type="ACTION" value="fd5bdc74-216f-434f-8938-c83f4882b85c"/>
<objectids-entry key="Default zone¤sq¤Exc18_recording_sharedVariable" objectid="26" type="HTTP_PAGE" value="1a263a3a-27c5-4222-9ee2-043ff0d0fa5f"/>
<objectids-entry key="Default zone¤sq¤Exc18_recording_sharedVariable" objectid="27" type="ACTION" value="64e41357-bd00-465e-97f6-80c762a0973b"/>
<objectids-entry key="Default zone¤sq¤Exc18_recording_sharedVariable" objectid="28" type="ACTION" value="edf722c4-a5db-41db-959e-e0d1127cdbb9"/>
<objectids-entry key="Default zone¤sq¤Exc18_recording_sharedVariable" objectid="29" type="ACTION" value="67e35866-6a04-472b-b89c-682df3c4c688"/>
<objectids-entry key="Default zone¤sq¤Exc18_recording_sharedVariable" objectid="30" type="ACTION" value="67bfe9c2-949c-49d5-a10f-d668934c0249"/>
<objectids-entry key="Default zone¤sq¤Exc18_recording_sharedVariable" objectid="31" type="ACTION" value="af68bb6a-d3ed-4852-839c-ea820f765132"/>
<objectids-entry key="Default zone¤sq¤Exc18_recording_sharedVariable" objectid="32" type="ACTION" value="c5ccbf94-4e79-4e44-ac5f-08e7d53cc4ab"/>
<objectids-entry key="Default zone¤sq¤Exc18_recording_sharedVariable" objectid="33" type="ACTION" value="567ce82f-d317-404e-913e-ed24472d8319"/>
<objectids-entry key="Default zone¤sq¤Exc18_recording_sharedVariable" objectid="34" type="ACTION" value="4fa6c912-757a-40bc-982e-c85066a9f86b"/>
<objectids-entry key="Default zone¤sq¤Exc18_recording_sharedVariable" objectid="35" type="ACTION" value="c2c18eca-90a3-4a0c-9643-a7c33af3104b"/>
<objectids-entry key="Default zone¤sq¤Exc18_recording_sharedVariable" objectid="36" type="ACTION" value="7b97e5d1-beba-4e76-b840-5e6dd95b5337"/>
<objectids-entry key="Default zone¤sq¤Exc18_recording_sharedVariable" objectid="37" type="VARIABLE_MODIFIER" value="1074b36b-2d17-440b-9b1e-35bcfb2c4e5a"/>
<objectids-entry key="Default zone¤sq¤Exc18_recording_sharedVariable" objectid="38" type="IF" value="662fa08a-c6f7-4c9b-bc26-5ab7ab3f0227"/>
<objectids-entry key="Default zone¤sq¤Exc18_recording_sharedVariable" objectid="39" type="BASIC_LOGICAL_CONTAINER" value="$parent=662fa08a-c6f7-4c9b-bc26-5ab7ab3f0227;$index=0"/>
<objectids-entry key="Default zone¤sq¤Exc18_recording_sharedVariable" objectid="40" type="BASIC_LOGICAL_CONTAINER" value="0aef52d4-7c13-426f-854c-d93297a950f8"/>
<objectids-entry key="Default zone¤sq¤Exc18_recording_sharedVariable" objectid="41" type="HTTP_PAGE" value="c2371c5b-9b22-4350-8b5e-0f0be4170211"/>
<objectids-entry key="Default zone¤sq¤Exc18_recording_sharedVariable" objectid="42" type="ACTION" value="028191b7-de7c-47f8-9c1e-f56c08c0c687"/>
<objectids-entry key="Default zone¤sq¤Exc18_recording_sharedVariable" objectid="43" type="BASIC_LOGICAL_CONTAINER" value="c03288ba-e726-4842-ae09-228c3db77ad6"/>
<objectids-entry key="Default zone¤sq¤Exc18_recording_sharedVariable" objectid="44" type="HTTP_PAGE" value="9162b5bf-6585-43e8-96f1-041cc96974dd"/>
<objectids-entry key="Default zone¤sq¤Exc18_recording_sharedVariable" objectid="45" type="ACTION" value="fc15a178-b245-47f7-84cc-b153bc5b27a7"/>
<objectids-entry key="Default zone¤sq¤Exc18_recording_sharedVariable" objectid="46" type="ACTION" value="11b392a4-9d78-4ad0-bace-48eab5b67539"/>
<objectids-entry key="Default zone¤sq¤Exc18_recording_sharedVariable" objectid="47" type="ACTION" value="43da95f9-9b9e-4805-a07c-4230f6bb7f02"/>
<objectids-entry key="Default zone¤sq¤Exc18_recording_sharedVariable" objectid="48" type="BASIC_LOGICAL_CONTAINER" value="ed16f4be-4db6-4635-938b-e62cae701894"/>
<objectids-entry key="Default zone¤sq¤Exc18_recording_sharedVariable" objectid="49" type="HTTP_PAGE" value="59929759-f085-4715-aef7-0199ed1348a2"/>
<objectids-entry key="Default zone¤sq¤Exc18_recording_sharedVariable" objectid="50" type="ACTION" value="76fc78d5-6956-4988-b039-684072713ee2"/>
<objectids-entry key="Default zone¤sq¤Exc18_recording_sharedVariable" objectid="51" type="ACTION" value="a2932801-0649-4d8b-ae82-9fbf3e1d4a6a"/>
<objectids-entry key="Default zone¤sq¤Exc18_recording_sharedVariable" objectid="52" type="ACTION" value="11a408ac-654e-4a7e-bed7-07cfd5498afa"/>
<objectids-entry key="Default zone¤sq¤Exc18_recording_sharedVariable" objectid="53" type="ACTION" value="ded7359b-0ade-44a7-bf0b-3af01ab92694"/>
<objectids-entry key="Default zone¤sq¤Exc18_recording_sharedVariable" objectid="54" type="ACTION" value="b5f23e00-83e6-4c54-83a8-a99de08c517a"/>
<objectids-entry key="Default zone¤sq¤Exc18_recording_sharedVariable" objectid="55" type="BASIC_LOGICAL_CONTAINER" value="29595539-9cf2-45d1-a3bc-ff6906a02f8e"/>
<objectids-entry key="Default zone¤sq¤Exc18_recording_sharedVariable" objectid="56" type="HTTP_PAGE" value="eb74e31f-9600-4bfa-938a-7e1d939366fe"/>
<objectids-entry key="Default zone¤sq¤Exc18_recording_sharedVariable" objectid="57" type="ACTION" value="b213c434-5c42-4210-8196-d98e1fede347"/>
<objectids-entry key="Default zone¤sq¤Exc18_recording_sharedVariable" objectid="58" type="ACTION" value="24d322ac-0825-452a-8959-3cbc8d8bde7b"/>
<objectids-entry key="Default zone¤sq¤Exc18_recording_sharedVariable" objectid="59" type="HTTP_PAGE" value="d96dffa0-a3ab-4f80-b357-0d94f45b75e0"/>
<objectids-entry key="Default zone¤sq¤Exc18_recording_sharedVariable" objectid="60" type="ACTION" value="279ab92d-2fe9-4dfb-86ea-6d7b24435db7"/>
<objectids-entry key="Default zone¤sq¤Exc18_recording_sharedVariable" objectid="61" type="BASIC_LOGICAL_CONTAINER" value="78b5da22-88db-4848-b449-759cbd9de154"/>
<objectids-entry key="Default zone¤sq¤Exc18_recording_sharedVariable" objectid="62" type="HTTP_PAGE" value="ddec37e6-0585-4ad6-8781-04c491fe22b5"/>
<objectids-entry key="Default zone¤sq¤Exc18_recording_sharedVariable" objectid="63" type="ACTION" value="b359ad5c-afc2-412d-814a-ed48ca6289aa"/>
<objectids-entry key="Default zone¤sq¤Exc18_recording_sharedVariable" objectid="64" type="HTTP_PAGE" value="45de5290-c99e-444c-bf1c-5a30acd317a8"/>
<objectids-entry key="Default zone¤sq¤Exc18_recording_sharedVariable" objectid="65" type="ACTION" value="70052938-df28-418d-9a02-29b45c927c00"/>
<objectids-entry key="Default zone¤sq¤Exc18_recording_sharedVariable" objectid="66" type="BASIC_LOGICAL_CONTAINER" value="$parent=662fa08a-c6f7-4c9b-bc26-5ab7ab3f0227;$index=1"/>
<objectids-entry key="Default zone¤sq¤Exc18_recording_sharedVariable" objectid="67" type="BASIC_LOGICAL_CONTAINER" value="f5a635e7-9e3e-4723-9c2f-59491e392e2a"/>
<objectids-entry key="Default zone¤sq¤Exc18_recording_sharedVariable" objectid="68" type="HTTP_PAGE" value="f19fe513-7d06-47c6-aa53-04c1fb98f396"/>
<objectids-entry key="Default zone¤sq¤Exc18_recording_sharedVariable" objectid="69" type="ACTION" value="49f52581-df70-41db-a1f9-89d7284550c9"/>
<objectids-entry key="Default zone¤sq¤Exc18_recording_sharedVariable" objectid="70" type="GO_TO_NEXT_ITERATION" value="aeceecdf-7a8f-47fd-a635-ba07c15e1ad8"/>
<objectids-entry key="Default zone¤sq¤Exc18_recording_sharedVariable" objectid="71" type="BASIC_LOGICAL_CONTAINER" value="cbdd1884-d120-40d1-a6ba-f5ee0e9a18e5"/>
<objectids-entry key="Default zone¤sq¤Exc18_recording_sharedVariable" objectid="72" type="HTTP_PAGE" value="34be456a-61a4-40e9-84b8-27a90c438880"/>
<objectids-entry key="Default zone¤sq¤Exc18_recording_sharedVariable" objectid="73" type="ACTION" value="ea890032-4356-4e9d-98d9-eb55ef3548d9"/>
<objectids-entry key="Default zone¤sq¤Exc18_recording_sharedVariable" objectid="74" type="BASIC_LOGICAL_CONTAINER" value="$parent=Exc18_recording_sharedVariable;$index=2"/>
<objectids-entry key="¤¤" objectid="75" type="MONITORED_HOST" value="10.244.52.66"/>
<objectids-entry key="¤¤" objectid="76" type="MONITORCONNECTION" value="10.244.52.66$tomcat"/>
<objectids-entry key="¤¤" objectid="77" type="MONITOR" value="10.244.52.66$tomcat$RequestProcessor/http-8080/errorCount"/>
<objectids-entry key="¤¤" objectid="78" type="MONITOR" value="10.244.52.66$tomcat$RequestProcessor/http-8080/% errorCount"/>
<objectids-entry key="¤¤" objectid="79" type="THRESHOLD" value="10.244.52.66$tomcat$c2039aac-9a3b-4af5-87ec-5e17843b1eda"/>
<objectids-entry key="¤¤" objectid="80" type="MONITOR" value="10.244.52.66$tomcat$RequestProcessor/jk-8009/errorCount"/>
<objectids-entry key="¤¤" objectid="81" type="MONITOR" value="10.244.52.66$tomcat$RequestProcessor/jk-8009/% errorCount"/>
<objectids-entry key="¤¤" objectid="82" type="THRESHOLD" value="10.244.52.66$tomcat$5026ba04-ef0c-4d94-a373-201a9c78ad32"/>
<objectids-entry key="¤¤" objectid="83" type="MONITOR" value="10.244.52.66$tomcat$ThreadPool/http-8080/currentThreadsBusy"/>
<objectids-entry key="¤¤" objectid="84" type="MONITOR" value="10.244.52.66$tomcat$ThreadPool/http-8080/% currentThreadsBusy"/>
<objectids-entry key="¤¤" objectid="85" type="THRESHOLD" value="10.244.52.66$tomcat$38f3e3c6-f88f-49bc-ba3e-93b58f5d3f68"/>
<objectids-entry key="¤¤" objectid="86" type="MONITOR" value="10.244.52.66$tomcat$ThreadPool/http-8080/threadsConfiguration"/>
<objectids-entry key="¤¤" objectid="87" type="MONITOR" value="10.244.52.66$tomcat$ThreadPool/jk-8009/currentThreadsBusy"/>
<objectids-entry key="¤¤" objectid="88" type="MONITOR" value="10.244.52.66$tomcat$ThreadPool/jk-8009/% currentThreadsBusy"/>
<objectids-entry key="¤¤" objectid="89" type="THRESHOLD" value="10.244.52.66$tomcat$493ded97-353e-4b96-af30-ee0bcea6f653"/>
<objectids-entry key="¤¤" objectid="90" type="MONITOR" value="10.244.52.66$tomcat$ThreadPool/jk-8009/threadsConfiguration"/>
<objectids-entry key="¤¤" objectid="91" type="MONITOR" value="10.244.52.66$tomcat$VM/Memory/Used"/>
<objectids-entry key="¤¤" objectid="92" type="MONITOR" value="10.244.52.66$tomcat$VM/Memory/% Used"/>
<objectids-entry key="¤¤" objectid="93" type="THRESHOLD" value="10.244.52.66$tomcat$5a7ae4ce-31b6-42ca-948e-5961d1a283b3"/>
<objectids-entry key="¤¤" objectid="94" type="MONITOR" value="10.244.52.66$tomcat$VM/Memory/Max"/>
<objectids-entry key="¤¤" objectid="95" type="MONITOR" value="10.244.52.66$tomcat$VM/Garbage Collector/Copy/CollectionTime"/>
<objectids-entry key="¤¤" objectid="96" type="MONITOR" value="10.244.52.66$tomcat$VM/Garbage Collector/MarkSweepCompact/CollectionTime"/>
<objectids-entry key="¤¤" objectid="97" type="MONITOR" value="10.244.52.66$tomcat$Description/JVM"/>
<objectids-entry key="¤¤" objectid="98" type="MONITOR" value="10.244.52.66$tomcat$Description/Specification/Host"/>
<objectids-entry key="¤¤" objectid="99" type="MONITORED_HOST" value="NeoLoad"/>
<objectids-entry key="¤¤" objectid="100" type="MONITORCONNECTION" value="NeoLoad$NeoLoad"/>
<objectids-entry key="¤¤" objectid="101" type="MONITOR" value="NeoLoad$NeoLoad$UserLoad"/>
<objectids-entry key="¤¤" objectid="102" type="MONITOR" value="NeoLoad$NeoLoad$throughput"/>
<objectids-entry key="¤¤" objectid="103" type="MONITOR" value="NeoLoad$NeoLoad$Alerts"/>
<objectids-entry key="¤¤" objectid="104" type="MONITOR" value="NeoLoad$NeoLoad$CriticalAlerts"/>
<objectids-entry key="¤¤" objectid="105" type="MONITOR" value="NeoLoad$NeoLoad$WarningAlerts"/>
<objectids-entry key="¤¤" objectid="106" type="MONITOR" value="NeoLoad$NeoLoad$cpu"/>
<objectids-entry key="¤¤" objectid="107" type="THRESHOLD" value="NeoLoad$NeoLoad$dc3bfce0-2c6b-41fc-bafd-503fb9290ab8"/>
<objectids-entry key="¤¤" objectid="108" type="MONITOR" value="NeoLoad$NeoLoad$memory"/>
<objectids-entry key="¤¤" objectid="109" type="THRESHOLD" value="NeoLoad$NeoLoad$6f94d880-9239-4fa4-b393-2b46fc906f51"/>
<objectids-entry key="¤¤" objectid="110" type="MONITOR" value="NeoLoad$NeoLoad$threadcount"/>
<objectids-entry key="¤¤" objectid="111" type="MONITOR" value="NeoLoad$NeoLoad$connectedlg"/>
<objectids-entry key="¤¤" objectid="112" type="MONITOR" value="NeoLoad$NeoLoad$totallgdisconnections"/>
<objectids-entry key="¤¤" objectid="113" type="THRESHOLD" value="NeoLoad$NeoLoad$da59654c-92c9-4a3c-8797-a2544cd86221"/>
<objectids-entry key="¤¤" objectid="114" type="MONITOR" value="NeoLoad$NeoLoad$totallgreconnections"/>
<objectids-entry key="¤¤" objectid="115" type="MONITOR" value="NeoLoad$NeoLoad$otcp.NeoLoad"/>
<objectids-entry key="¤¤" objectid="116" type="MONITOR" value="NeoLoad$NeoLoad$tcp.NeoLoad"/>
<objectids-entry key="¤¤" objectid="117" type="MONITOR" value="NeoLoad$NeoLoad$ibytesperinterface~NeoLoad~wlan0"/>
<objectids-entry key="¤¤" objectid="118" type="MONITOR" value="NeoLoad$NeoLoad$obytesperinterface~NeoLoad~wlan0"/>
<objectids-entry key="¤¤" objectid="119" type="MONITOR" value="NeoLoad$NeoLoad$ibytesperinterface~NeoLoad~eth0"/>
<objectids-entry key="¤¤" objectid="120" type="MONITOR" value="NeoLoad$NeoLoad$obytesperinterface~NeoLoad~eth0"/>
<objectids-entry key="¤¤" objectid="121" type="MONITOR" value="NeoLoad$NeoLoad$ibytesperinterface~NeoLoad~eth11"/>
<objectids-entry key="¤¤" objectid="122" type="MONITOR" value="NeoLoad$NeoLoad$obytesperinterface~NeoLoad~eth11"/>
<objectids-entry key="¤¤" objectid="123" type="MONITOR" value="NeoLoad$NeoLoad$ibytesperinterface~NeoLoad~wlan2"/>
<objectids-entry key="¤¤" objectid="124" type="MONITOR" value="NeoLoad$NeoLoad$obytesperinterface~NeoLoad~wlan2"/>
<objectids-entry key="¤¤" objectid="125" type="MONITOR" value="NeoLoad$NeoLoad$nlwebdownload"/>
<objectids-entry key="¤¤" objectid="126" type="MONITOR" value="NeoLoad$NeoLoad$nlwebupload"/>
<objectids-entry key="¤¤" objectid="127" type="MONITOR" value="NeoLoad$NeoLoad$SapUserLoad"/>
<objectids-entry key="¤¤" objectid="128" type="MONITOR" value="NeoLoad$NeoLoad$zoneuserload~Default zone"/>
<objectids-entry key="¤¤" objectid="129" type="MONITOR" value="NeoLoad$NeoLoad$zoneuserloadperpopulation~Default zone~sq"/>
<objectids-entry key="¤¤" objectid="130" type="MONITOR" value="NeoLoad$NeoLoad$zoneuserloadperpopulation~Default zone~sq~Exc18_recording_sharedVariable"/>
<objectids-entry key="¤¤" objectid="131" type="MONITORED_HOST" value="LG localhost:7100"/>
<objectids-entry key="¤¤" objectid="132" type="MONITORCONNECTION" value="LG localhost:7100$NeoLoad"/>
<objectids-entry key="¤¤" objectid="133" type="MONITOR" value="LG localhost:7100$NeoLoad$lgcpu.localhost:7100"/>
<objectids-entry key="¤¤" objectid="134" type="THRESHOLD" value="LG localhost:7100$NeoLoad$fa30dd02-54c7-41a0-9c72-82cf5036dde4"/>
<objectids-entry key="¤¤" objectid="135" type="MONITOR" value="LG localhost:7100$NeoLoad$lgmemory.localhost:7100"/>
<objectids-entry key="¤¤" objectid="136" type="THRESHOLD" value="LG localhost:7100$NeoLoad$1eae565a-92b9-43b6-8cb4-46ef65d985a9"/>
<objectids-entry key="¤¤" objectid="137" type="MONITOR" value="LG localhost:7100$NeoLoad$lgthroughput.localhost:7100"/>
<objectids-entry key="¤¤" objectid="138" type="MONITOR" value="LG localhost:7100$NeoLoad$lguserloadperpopulation~localhost:7100"/>
<objectids-entry key="¤¤" objectid="139" type="MONITOR" value="LG localhost:7100$NeoLoad$lgthreadcount.localhost:7100"/>
<objectids-entry key="¤¤" objectid="140" type="MONITOR" value="LG localhost:7100$NeoLoad$lg.jetty.httpclient.threadpool.used.localhost:7100"/>
<objectids-entry key="¤¤" objectid="141" type="MONITOR" value="LG localhost:7100$NeoLoad$lg.jetty.httpclient.taskpool.used.localhost:7100"/>
<objectids-entry key="¤¤" objectid="142" type="THRESHOLD" value="LG localhost:7100$NeoLoad$548130f1-0709-4094-ae14-c0eee1109dc1"/>
<objectids-entry key="¤¤" objectid="143" type="MONITOR" value="LG localhost:7100$NeoLoad$lgdisconnections.localhost:7100"/>
<objectids-entry key="¤¤" objectid="144" type="MONITOR" value="LG localhost:7100$NeoLoad$lgreconnections.localhost:7100"/>
<objectids-entry key="¤¤" objectid="145" type="MONITOR" value="LG localhost:7100$NeoLoad$lgping.localhost:7100"/>
<objectids-entry key="¤¤" objectid="146" type="MONITOR" value="LG localhost:7100$NeoLoad$lgotcp.localhost:7100"/>
<objectids-entry key="¤¤" objectid="147" type="MONITOR" value="LG localhost:7100$NeoLoad$lgtcp.localhost:7100"/>
<objectids-entry key="¤¤" objectid="148" type="MONITOR" value="LG localhost:7100$NeoLoad$lgibytesperinterface~localhost:7100~wlan0"/>
<objectids-entry key="¤¤" objectid="149" type="MONITOR" value="LG localhost:7100$NeoLoad$lgobytesperinterface~localhost:7100~wlan0"/>
<objectids-entry key="¤¤" objectid="150" type="MONITOR" value="LG localhost:7100$NeoLoad$lgibytesperinterface~localhost:7100~eth0"/>
<objectids-entry key="¤¤" objectid="151" type="MONITOR" value="LG localhost:7100$NeoLoad$lgobytesperinterface~localhost:7100~eth0"/>
<objectids-entry key="¤¤" objectid="152" type="MONITOR" value="LG localhost:7100$NeoLoad$lgibytesperinterface~localhost:7100~eth11"/>
<objectids-entry key="¤¤" objectid="153" type="MONITOR" value="LG localhost:7100$NeoLoad$lgobytesperinterface~localhost:7100~eth11"/>
<objectids-entry key="¤¤" objectid="154" type="MONITOR" value="LG localhost:7100$NeoLoad$lgibytesperinterface~localhost:7100~wlan2"/>
<objectids-entry key="¤¤" objectid="155" type="MONITOR" value="LG localhost:7100$NeoLoad$lgobytesperinterface~localhost:7100~wlan2"/>
</objectids-table>
<!--****** DURATION ******-->
<duration value="0"/>
<!--****** AGGREGATION PERIOD ******-->
<aggregation-period value="1000"/>
<!--****** EXTENDED STATISTICS ******-->
<truncated-mean centered-interval="true" percentage="90"/>
<percentile percentage="50"/>
</project>
