
	<!DOCTYPE project [
		<!ELEMENT project (objectids-table | current-scenario | duration | aggregation-period | truncated-mean | percentile)* >
	
		<!ELEMENT objectids-table (objectids-entry)* >
		<!ELEMENT objectids-entry (#PCDATA)>
		<!ELEMENT duration (#PCDATA)>
		<!ELEMENT truncated-mean (#PCDATA)>
		<!ELEMENT percentile (#PCDATA)>
		<!ELEMENT aggregation-period (#PCDATA)>
		<!ELEMENT current-scenario (#PCDATA)>
		<!ATTLIST duration
		    value CDATA #REQUIRED>
	    <!ATTLIST aggregation-period
		    value CDATA #REQUIRED>
		<!ATTLIST objectids-entry
		    objectid CDATA #REQUIRED
		    type CDATA #REQUIRED
		    value CDATA #REQUIRED
		    key CDATA #REQUIRED>
		<!ATTLIST truncated-mean
		    centered-interval CDATA #REQUIRED
		    percentage CDATA #REQUIRED>
		 <!ATTLIST percentile
		    percentage CDATA #REQUIRED>
	]>


<!--****** RUNTIME PROJECT ******--><project>
<!--****** CURRENT SCENARIO ******-->
<current-scenario>scenario1</current-scenario>
<!--****** OBJECTIDS ******-->
<objectids-table>
<objectids-entry key="" objectid="0" type="LG_HOST" value="localhost:7100"/>
<objectids-entry key="" objectid="1" type="ZONE" value="Default zone"/>
<objectids-entry key="Default zone¤SLAPopulation¤" objectid="2" type="POPULATION" value="SLAPopulation"/>
<objectids-entry key="Default zone¤SLAPopulation¤EXC12_Payment_loop_local_arraycorrelation_jslib" objectid="3" type="VIRTUAL_USER" value="EXC12_Payment_loop_local_arraycorrelation_jslib"/>
<objectids-entry key="Default zone¤SLAPopulation¤EXC12_Payment_loop_local_arraycorrelation_jslib" objectid="4" type="BASIC_LOGICAL_CONTAINER" value="$parent=EXC12_Payment_loop_local_arraycorrelation_jslib;$index=0"/>
<objectids-entry key="Default zone¤SLAPopulation¤EXC12_Payment_loop_local_arraycorrelation_jslib" objectid="5" type="BASIC_LOGICAL_CONTAINER" value="$parent=EXC12_Payment_loop_local_arraycorrelation_jslib;$index=1"/>
<objectids-entry key="Default zone¤SLAPopulation¤EXC12_Payment_loop_local_arraycorrelation_jslib" objectid="6" type="BASIC_LOGICAL_CONTAINER" value="2725e147-a7e5-42ff-a1ae-fd5952b8cf1f"/>
<objectids-entry key="Default zone¤SLAPopulation¤EXC12_Payment_loop_local_arraycorrelation_jslib" objectid="7" type="HTTP_PAGE" value="c0be8a83-40d0-4fc8-9165-b2e493ad2b2e"/>
<objectids-entry key="Default zone¤SLAPopulation¤EXC12_Payment_loop_local_arraycorrelation_jslib" objectid="8" type="ACTION" value="0bd18e61-b941-47d1-88a2-1b0655889e53"/>
<objectids-entry key="Default zone¤SLAPopulation¤EXC12_Payment_loop_local_arraycorrelation_jslib" objectid="9" type="ACTION" value="11956424-2ed9-485a-96ef-0c69a368e0a1"/>
<objectids-entry key="Default zone¤SLAPopulation¤EXC12_Payment_loop_local_arraycorrelation_jslib" objectid="10" type="ACTION" value="8c793819-cb1e-43d1-996b-2ccde14f02a4"/>
<objectids-entry key="Default zone¤SLAPopulation¤EXC12_Payment_loop_local_arraycorrelation_jslib" objectid="11" type="ACTION" value="af4fde76-ca6a-485e-b493-3f5fc42b8d2f"/>
<objectids-entry key="Default zone¤SLAPopulation¤EXC12_Payment_loop_local_arraycorrelation_jslib" objectid="12" type="ACTION" value="cc9223dc-4be2-4505-a293-784c91324c53"/>
<objectids-entry key="Default zone¤SLAPopulation¤EXC12_Payment_loop_local_arraycorrelation_jslib" objectid="13" type="ACTION" value="fba001de-afaf-4f34-914e-5e53291bc58d"/>
<objectids-entry key="Default zone¤SLAPopulation¤EXC12_Payment_loop_local_arraycorrelation_jslib" objectid="14" type="ACTION" value="eaf24f54-6db8-4464-aeb9-8f91e0cd66a5"/>
<objectids-entry key="Default zone¤SLAPopulation¤EXC12_Payment_loop_local_arraycorrelation_jslib" objectid="15" type="ACTION" value="1f439745-8a0a-4819-8c82-2f82092f715c"/>
<objectids-entry key="Default zone¤SLAPopulation¤EXC12_Payment_loop_local_arraycorrelation_jslib" objectid="16" type="ACTION" value="38208faa-b420-4d5f-a0b5-dbf53e4d9839"/>
<objectids-entry key="Default zone¤SLAPopulation¤EXC12_Payment_loop_local_arraycorrelation_jslib" objectid="17" type="ACTION" value="780e4d8e-4228-44d9-99a8-85014ab5de5a"/>
<objectids-entry key="Default zone¤SLAPopulation¤EXC12_Payment_loop_local_arraycorrelation_jslib" objectid="18" type="ACTION" value="2b530852-524c-4770-9945-71859174a483"/>
<objectids-entry key="Default zone¤SLAPopulation¤EXC12_Payment_loop_local_arraycorrelation_jslib" objectid="19" type="BASIC_LOGICAL_CONTAINER" value="7b12ea67-5f71-4894-9a42-27b7dbca4078"/>
<objectids-entry key="Default zone¤SLAPopulation¤EXC12_Payment_loop_local_arraycorrelation_jslib" objectid="20" type="HTTP_PAGE" value="1bf025b1-205c-4a21-8bc1-af3ee3b26839"/>
<objectids-entry key="Default zone¤SLAPopulation¤EXC12_Payment_loop_local_arraycorrelation_jslib" objectid="21" type="ACTION" value="12bd45ae-c1dd-42bd-b753-58c2888ea584"/>
<objectids-entry key="Default zone¤SLAPopulation¤EXC12_Payment_loop_local_arraycorrelation_jslib" objectid="22" type="ACTION" value="4c66ea75-2a84-43fe-b562-499204145a4e"/>
<objectids-entry key="Default zone¤SLAPopulation¤EXC12_Payment_loop_local_arraycorrelation_jslib" objectid="23" type="ACTION" value="6193419a-21ba-4205-bc0e-9c16183bda24"/>
<objectids-entry key="Default zone¤SLAPopulation¤EXC12_Payment_loop_local_arraycorrelation_jslib" objectid="24" type="ACTION" value="ccc36771-fdd2-4370-911e-b95cc0776143"/>
<objectids-entry key="Default zone¤SLAPopulation¤EXC12_Payment_loop_local_arraycorrelation_jslib" objectid="25" type="ACTION" value="90c285aa-ce62-4266-8aac-bed91d51d7d4"/>
<objectids-entry key="Default zone¤SLAPopulation¤EXC12_Payment_loop_local_arraycorrelation_jslib" objectid="26" type="ACTION" value="484528b0-6343-4e5a-93b6-6f7012dddfd7"/>
<objectids-entry key="Default zone¤SLAPopulation¤EXC12_Payment_loop_local_arraycorrelation_jslib" objectid="27" type="ACTION" value="25fb8b04-7704-429c-afa7-8595c18f98a7"/>
<objectids-entry key="Default zone¤SLAPopulation¤EXC12_Payment_loop_local_arraycorrelation_jslib" objectid="28" type="ACTION" value="bec59505-b406-4fcc-8c1c-b507c19db094"/>
<objectids-entry key="Default zone¤SLAPopulation¤EXC12_Payment_loop_local_arraycorrelation_jslib" objectid="29" type="HTTP_PAGE" value="2ade473e-d7be-427d-b7c0-173c36388335"/>
<objectids-entry key="Default zone¤SLAPopulation¤EXC12_Payment_loop_local_arraycorrelation_jslib" objectid="30" type="ACTION" value="08eb2d13-8939-4394-b79c-5c9156f108fe"/>
<objectids-entry key="Default zone¤SLAPopulation¤EXC12_Payment_loop_local_arraycorrelation_jslib" objectid="31" type="ACTION" value="c4db7f3d-6cec-484c-8c1a-59b0e5cdedf3"/>
<objectids-entry key="Default zone¤SLAPopulation¤EXC12_Payment_loop_local_arraycorrelation_jslib" objectid="32" type="ACTION" value="ffd115c9-897b-4c59-a776-f314b57042cc"/>
<objectids-entry key="Default zone¤SLAPopulation¤EXC12_Payment_loop_local_arraycorrelation_jslib" objectid="33" type="ACTION" value="3056f062-2d40-43a7-8e7f-ce9a7dea2d16"/>
<objectids-entry key="Default zone¤SLAPopulation¤EXC12_Payment_loop_local_arraycorrelation_jslib" objectid="34" type="ACTION" value="1f7b1d79-be79-43ca-85fb-9681dde53f16"/>
<objectids-entry key="Default zone¤SLAPopulation¤EXC12_Payment_loop_local_arraycorrelation_jslib" objectid="35" type="ACTION" value="7f83c7c8-c4f7-44f6-a05d-466375aa9df2"/>
<objectids-entry key="Default zone¤SLAPopulation¤EXC12_Payment_loop_local_arraycorrelation_jslib" objectid="36" type="ACTION" value="01a0fa5d-00fa-4199-b0c8-b9a3002cd288"/>
<objectids-entry key="Default zone¤SLAPopulation¤EXC12_Payment_loop_local_arraycorrelation_jslib" objectid="37" type="ACTION" value="35000d13-6c85-486b-a0c1-1b37871d59cc"/>
<objectids-entry key="Default zone¤SLAPopulation¤EXC12_Payment_loop_local_arraycorrelation_jslib" objectid="38" type="ACTION" value="46eeb305-fde2-4118-9338-1363e52f3260"/>
<objectids-entry key="Default zone¤SLAPopulation¤EXC12_Payment_loop_local_arraycorrelation_jslib" objectid="39" type="ACTION" value="c572bb7e-00af-425b-8b3e-e1fb0e178b02"/>
<objectids-entry key="Default zone¤SLAPopulation¤EXC12_Payment_loop_local_arraycorrelation_jslib¤7b12ea67-5f71-4894-9a42-27b7dbca4078" objectid="40" type="SLA_THRESHOLD" value="4cefc109-32ce-4d75-9f67-11b06a2446a8"/>
<objectids-entry key="Default zone¤SLAPopulation¤EXC12_Payment_loop_local_arraycorrelation_jslib¤7b12ea67-5f71-4894-9a42-27b7dbca4078" objectid="41" type="SLA_THRESHOLD" value="1250e80c-9a3e-439a-b936-845d98e9e59d"/>
<objectids-entry key="Default zone¤SLAPopulation¤EXC12_Payment_loop_local_arraycorrelation_jslib¤7b12ea67-5f71-4894-9a42-27b7dbca4078" objectid="42" type="SLA_THRESHOLD" value="d4f6c3e6-8f43-470c-85ff-36a3dd97050e"/>
<objectids-entry key="Default zone¤SLAPopulation¤EXC12_Payment_loop_local_arraycorrelation_jslib¤7b12ea67-5f71-4894-9a42-27b7dbca4078" objectid="43" type="SLA_THRESHOLD" value="54a706bc-f071-4287-a1fb-4116da8d3938"/>
<objectids-entry key="Default zone¤SLAPopulation¤EXC12_Payment_loop_local_arraycorrelation_jslib¤7b12ea67-5f71-4894-9a42-27b7dbca4078" objectid="44" type="SLA_THRESHOLD" value="8f4a1d20-af81-4bfb-8e80-7ea0d341067d"/>
<objectids-entry key="Default zone¤SLAPopulation¤EXC12_Payment_loop_local_arraycorrelation_jslib¤7b12ea67-5f71-4894-9a42-27b7dbca4078" objectid="45" type="SLA_THRESHOLD" value="c51738e6-2cf6-41c0-ac6b-e2d1fb18d246"/>
<objectids-entry key="Default zone¤SLAPopulation¤EXC12_Payment_loop_local_arraycorrelation_jslib¤7b12ea67-5f71-4894-9a42-27b7dbca4078" objectid="46" type="SLA_THRESHOLD" value="bfb74125-3d26-4bed-967e-e4551f8901a7"/>
<objectids-entry key="Default zone¤SLAPopulation¤EXC12_Payment_loop_local_arraycorrelation_jslib¤7b12ea67-5f71-4894-9a42-27b7dbca4078" objectid="47" type="SLA_THRESHOLD" value="02f84252-ef89-4770-8f7b-fe06b55fe21e"/>
<objectids-entry key="Default zone¤SLAPopulation¤EXC12_Payment_loop_local_arraycorrelation_jslib¤7b12ea67-5f71-4894-9a42-27b7dbca4078" objectid="48" type="SLA_THRESHOLD" value="9e2c0bed-605a-4bb2-9246-eeb71465b2e4"/>
<objectids-entry key="Default zone¤SLAPopulation¤EXC12_Payment_loop_local_arraycorrelation_jslib¤7b12ea67-5f71-4894-9a42-27b7dbca4078" objectid="49" type="SLA_THRESHOLD" value="5e6b54c7-c827-415a-aaac-432b19dca518"/>
<objectids-entry key="Default zone¤SLAPopulation¤EXC12_Payment_loop_local_arraycorrelation_jslib¤7b12ea67-5f71-4894-9a42-27b7dbca4078" objectid="50" type="SLA_THRESHOLD" value="7812439a-4618-4340-8091-db4e4a70e879"/>
<objectids-entry key="Default zone¤SLAPopulation¤EXC12_Payment_loop_local_arraycorrelation_jslib¤7b12ea67-5f71-4894-9a42-27b7dbca4078" objectid="51" type="SLA_THRESHOLD" value="50c8f3d7-8633-4625-af1e-986066c62273"/>
<objectids-entry key="Default zone¤SLAPopulation¤EXC12_Payment_loop_local_arraycorrelation_jslib¤7b12ea67-5f71-4894-9a42-27b7dbca4078" objectid="52" type="SLA_THRESHOLD" value="ea16c1e9-f174-4f29-8ebf-427b45f6ea72"/>
<objectids-entry key="Default zone¤SLAPopulation¤EXC12_Payment_loop_local_arraycorrelation_jslib¤7b12ea67-5f71-4894-9a42-27b7dbca4078" objectid="53" type="SLA_THRESHOLD" value="dc4a40cc-2377-4d37-9e10-ac38ca578d02"/>
<objectids-entry key="Default zone¤SLAPopulation¤EXC12_Payment_loop_local_arraycorrelation_jslib¤7b12ea67-5f71-4894-9a42-27b7dbca4078" objectid="54" type="SLA_THRESHOLD" value="0de8f36e-1e97-4599-ac5f-8ec528f66a08"/>
<objectids-entry key="Default zone¤SLAPopulation¤EXC12_Payment_loop_local_arraycorrelation_jslib" objectid="55" type="LOOP" value="32f2014a-bce3-439a-b5c4-1dc4387cbe8b"/>
<objectids-entry key="Default zone¤SLAPopulation¤EXC12_Payment_loop_local_arraycorrelation_jslib" objectid="56" type="BASIC_LOGICAL_CONTAINER" value="d8ec5e84-c4c4-4000-a677-4eac2bbf7dff"/>
<objectids-entry key="Default zone¤SLAPopulation¤EXC12_Payment_loop_local_arraycorrelation_jslib" objectid="57" type="HTTP_PAGE" value="430ce78a-33e2-40a4-a91c-42aa1cebf4cf"/>
<objectids-entry key="Default zone¤SLAPopulation¤EXC12_Payment_loop_local_arraycorrelation_jslib" objectid="58" type="ACTION" value="e64789aa-2f90-491b-a470-60f6419f8d5a"/>
<objectids-entry key="Default zone¤SLAPopulation¤EXC12_Payment_loop_local_arraycorrelation_jslib" objectid="59" type="BASIC_LOGICAL_CONTAINER" value="d130e35d-a88c-4208-af6b-c4b72be78392"/>
<objectids-entry key="Default zone¤SLAPopulation¤EXC12_Payment_loop_local_arraycorrelation_jslib" objectid="60" type="HTTP_PAGE" value="6967c687-a2d5-43c0-89e5-a5f67166e421"/>
<objectids-entry key="Default zone¤SLAPopulation¤EXC12_Payment_loop_local_arraycorrelation_jslib" objectid="61" type="ACTION" value="fbf37d66-9fb8-4c7a-8911-fa04e71085d8"/>
<objectids-entry key="Default zone¤SLAPopulation¤EXC12_Payment_loop_local_arraycorrelation_jslib" objectid="62" type="ACTION" value="489696c1-252b-47c0-9b21-d67f2d4bf899"/>
<objectids-entry key="Default zone¤SLAPopulation¤EXC12_Payment_loop_local_arraycorrelation_jslib" objectid="63" type="BASIC_LOGICAL_CONTAINER" value="eb3e786f-065c-4d4d-b05f-df0b583aa471"/>
<objectids-entry key="Default zone¤SLAPopulation¤EXC12_Payment_loop_local_arraycorrelation_jslib" objectid="64" type="HTTP_PAGE" value="e4937480-da25-4fd0-a9e2-0dae2562b96b"/>
<objectids-entry key="Default zone¤SLAPopulation¤EXC12_Payment_loop_local_arraycorrelation_jslib" objectid="65" type="ACTION" value="2de82e62-51ce-4a44-a2cc-676593cd69a9"/>
<objectids-entry key="Default zone¤SLAPopulation¤EXC12_Payment_loop_local_arraycorrelation_jslib" objectid="66" type="ACTION" value="64cac89c-e610-4002-9e94-6fe2683c6753"/>
<objectids-entry key="Default zone¤SLAPopulation¤EXC12_Payment_loop_local_arraycorrelation_jslib" objectid="67" type="BASIC_LOGICAL_CONTAINER" value="87fce9e5-088b-4256-aa74-0997cbf445ad"/>
<objectids-entry key="Default zone¤SLAPopulation¤EXC12_Payment_loop_local_arraycorrelation_jslib" objectid="68" type="HTTP_PAGE" value="31b9a6ef-16be-4efa-89cd-866b0c5d256a"/>
<objectids-entry key="Default zone¤SLAPopulation¤EXC12_Payment_loop_local_arraycorrelation_jslib" objectid="69" type="ACTION" value="e1703f51-1f34-412c-92cf-06b9bbff9f1e"/>
<objectids-entry key="Default zone¤SLAPopulation¤EXC12_Payment_loop_local_arraycorrelation_jslib" objectid="70" type="ACTION" value="f938cc64-ee35-4cd4-aec3-f41f2b6074d4"/>
<objectids-entry key="Default zone¤SLAPopulation¤EXC12_Payment_loop_local_arraycorrelation_jslib" objectid="71" type="ACTION" value="5842cbcd-af82-4460-bbd3-6f817d1cc289"/>
<objectids-entry key="Default zone¤SLAPopulation¤EXC12_Payment_loop_local_arraycorrelation_jslib" objectid="72" type="ACTION" value="bbb05911-b7a3-40b2-a243-96632d00fe02"/>
<objectids-entry key="Default zone¤SLAPopulation¤EXC12_Payment_loop_local_arraycorrelation_jslib" objectid="73" type="ACTION" value="576db864-6cca-448a-b75f-21c49da03e64"/>
<objectids-entry key="Default zone¤SLAPopulation¤EXC12_Payment_loop_local_arraycorrelation_jslib" objectid="74" type="BASIC_LOGICAL_CONTAINER" value="469653cd-630b-401d-99fb-5c2bffa1c38f"/>
<objectids-entry key="Default zone¤SLAPopulation¤EXC12_Payment_loop_local_arraycorrelation_jslib" objectid="75" type="HTTP_PAGE" value="65ce71c4-9953-4251-8f35-4b7f560809d9"/>
<objectids-entry key="Default zone¤SLAPopulation¤EXC12_Payment_loop_local_arraycorrelation_jslib" objectid="76" type="ACTION" value="05d05865-8807-4525-ba3a-8d437bfa2970"/>
<objectids-entry key="Default zone¤SLAPopulation¤EXC12_Payment_loop_local_arraycorrelation_jslib" objectid="77" type="ACTION" value="c863a04f-25ff-4003-80ed-d6c0bda4744a"/>
<objectids-entry key="Default zone¤SLAPopulation¤EXC12_Payment_loop_local_arraycorrelation_jslib" objectid="78" type="HTTP_PAGE" value="74da090f-ccf7-4463-8b2a-b53a9b041ae9"/>
<objectids-entry key="Default zone¤SLAPopulation¤EXC12_Payment_loop_local_arraycorrelation_jslib" objectid="79" type="ACTION" value="e2cae23f-19f7-42b1-9783-8ee068a1a4b4"/>
<objectids-entry key="Default zone¤SLAPopulation¤EXC12_Payment_loop_local_arraycorrelation_jslib" objectid="80" type="BASIC_LOGICAL_CONTAINER" value="77952ec9-85fb-425b-a730-e71e0d08c4c8"/>
<objectids-entry key="Default zone¤SLAPopulation¤EXC12_Payment_loop_local_arraycorrelation_jslib" objectid="81" type="JS_ACTION" value="4120dec4-16b8-47d1-ba48-74a1ffa7b997"/>
<objectids-entry key="Default zone¤SLAPopulation¤EXC12_Payment_loop_local_arraycorrelation_jslib" objectid="82" type="HTTP_PAGE" value="8dd1e5d4-2760-4aa2-a5ef-fb7f9370218f"/>
<objectids-entry key="Default zone¤SLAPopulation¤EXC12_Payment_loop_local_arraycorrelation_jslib" objectid="83" type="ACTION" value="30f72ff6-e1e5-425e-b4b9-dd359a6aaa82"/>
<objectids-entry key="Default zone¤SLAPopulation¤EXC12_Payment_loop_local_arraycorrelation_jslib" objectid="84" type="HTTP_PAGE" value="88f776c2-7679-4d56-abde-2b81bff40bdc"/>
<objectids-entry key="Default zone¤SLAPopulation¤EXC12_Payment_loop_local_arraycorrelation_jslib" objectid="85" type="ACTION" value="0316fdbf-355a-4ee2-955c-ed8ce9a635bc"/>
<objectids-entry key="Default zone¤SLAPopulation¤EXC12_Payment_loop_local_arraycorrelation_jslib" objectid="86" type="BASIC_LOGICAL_CONTAINER" value="a5327270-ffbb-427b-bb6f-6239fb35d6df"/>
<objectids-entry key="Default zone¤SLAPopulation¤EXC12_Payment_loop_local_arraycorrelation_jslib" objectid="87" type="HTTP_PAGE" value="39273a33-f3a4-4169-b3af-54b8847669d8"/>
<objectids-entry key="Default zone¤SLAPopulation¤EXC12_Payment_loop_local_arraycorrelation_jslib" objectid="88" type="ACTION" value="98d219c9-e63d-49b8-a3dd-e987ed159232"/>
<objectids-entry key="Default zone¤SLAPopulation¤EXC12_Payment_loop_local_arraycorrelation_jslib" objectid="89" type="BASIC_LOGICAL_CONTAINER" value="6efe66a6-1365-44ea-8fe8-fc09f1413851"/>
<objectids-entry key="Default zone¤SLAPopulation¤EXC12_Payment_loop_local_arraycorrelation_jslib" objectid="90" type="HTTP_PAGE" value="99025d80-bd31-4429-be2c-f1cdbdbb30a9"/>
<objectids-entry key="Default zone¤SLAPopulation¤EXC12_Payment_loop_local_arraycorrelation_jslib" objectid="91" type="ACTION" value="c4f48115-128d-4671-bf69-84a21a6af7cb"/>
<objectids-entry key="Default zone¤SLAPopulation¤EXC12_Payment_loop_local_arraycorrelation_jslib" objectid="92" type="BASIC_LOGICAL_CONTAINER" value="bbe1597e-e670-41b9-9391-5f1a149e7f3d"/>
<objectids-entry key="Default zone¤SLAPopulation¤EXC12_Payment_loop_local_arraycorrelation_jslib" objectid="93" type="HTTP_PAGE" value="296039cb-c631-468d-8e77-afad7577cd9a"/>
<objectids-entry key="Default zone¤SLAPopulation¤EXC12_Payment_loop_local_arraycorrelation_jslib" objectid="94" type="ACTION" value="5934a8ec-3d7d-443d-86e9-8bce0183a2a8"/>
<objectids-entry key="Default zone¤SLAPopulation¤EXC12_Payment_loop_local_arraycorrelation_jslib" objectid="95" type="BASIC_LOGICAL_CONTAINER" value="$parent=EXC12_Payment_loop_local_arraycorrelation_jslib;$index=2"/>
<objectids-entry key="¤¤" objectid="96" type="MONITORED_HOST" value="10.244.52.66"/>
<objectids-entry key="¤¤" objectid="97" type="MONITORCONNECTION" value="10.244.52.66$tomcat"/>
<objectids-entry key="¤¤" objectid="98" type="MONITOR" value="10.244.52.66$tomcat$RequestProcessor/http-8080/errorCount"/>
<objectids-entry key="¤¤" objectid="99" type="MONITOR" value="10.244.52.66$tomcat$RequestProcessor/http-8080/% errorCount"/>
<objectids-entry key="¤¤" objectid="100" type="THRESHOLD" value="10.244.52.66$tomcat$c2039aac-9a3b-4af5-87ec-5e17843b1eda"/>
<objectids-entry key="¤¤" objectid="101" type="MONITOR" value="10.244.52.66$tomcat$RequestProcessor/jk-8009/errorCount"/>
<objectids-entry key="¤¤" objectid="102" type="MONITOR" value="10.244.52.66$tomcat$RequestProcessor/jk-8009/% errorCount"/>
<objectids-entry key="¤¤" objectid="103" type="THRESHOLD" value="10.244.52.66$tomcat$5026ba04-ef0c-4d94-a373-201a9c78ad32"/>
<objectids-entry key="¤¤" objectid="104" type="MONITOR" value="10.244.52.66$tomcat$ThreadPool/http-8080/currentThreadsBusy"/>
<objectids-entry key="¤¤" objectid="105" type="MONITOR" value="10.244.52.66$tomcat$ThreadPool/http-8080/% currentThreadsBusy"/>
<objectids-entry key="¤¤" objectid="106" type="THRESHOLD" value="10.244.52.66$tomcat$38f3e3c6-f88f-49bc-ba3e-93b58f5d3f68"/>
<objectids-entry key="¤¤" objectid="107" type="MONITOR" value="10.244.52.66$tomcat$ThreadPool/http-8080/threadsConfiguration"/>
<objectids-entry key="¤¤" objectid="108" type="MONITOR" value="10.244.52.66$tomcat$ThreadPool/jk-8009/currentThreadsBusy"/>
<objectids-entry key="¤¤" objectid="109" type="MONITOR" value="10.244.52.66$tomcat$ThreadPool/jk-8009/% currentThreadsBusy"/>
<objectids-entry key="¤¤" objectid="110" type="THRESHOLD" value="10.244.52.66$tomcat$493ded97-353e-4b96-af30-ee0bcea6f653"/>
<objectids-entry key="¤¤" objectid="111" type="MONITOR" value="10.244.52.66$tomcat$ThreadPool/jk-8009/threadsConfiguration"/>
<objectids-entry key="¤¤" objectid="112" type="MONITOR" value="10.244.52.66$tomcat$VM/Memory/Used"/>
<objectids-entry key="¤¤" objectid="113" type="MONITOR" value="10.244.52.66$tomcat$VM/Memory/% Used"/>
<objectids-entry key="¤¤" objectid="114" type="THRESHOLD" value="10.244.52.66$tomcat$5a7ae4ce-31b6-42ca-948e-5961d1a283b3"/>
<objectids-entry key="¤¤" objectid="115" type="MONITOR" value="10.244.52.66$tomcat$VM/Memory/Max"/>
<objectids-entry key="¤¤" objectid="116" type="MONITOR" value="10.244.52.66$tomcat$VM/Garbage Collector/Copy/CollectionTime"/>
<objectids-entry key="¤¤" objectid="117" type="MONITOR" value="10.244.52.66$tomcat$VM/Garbage Collector/MarkSweepCompact/CollectionTime"/>
<objectids-entry key="¤¤" objectid="118" type="MONITOR" value="10.244.52.66$tomcat$Description/JVM"/>
<objectids-entry key="¤¤" objectid="119" type="MONITOR" value="10.244.52.66$tomcat$Description/Specification/Host"/>
<objectids-entry key="¤¤" objectid="120" type="MONITORED_HOST" value="NeoLoad"/>
<objectids-entry key="¤¤" objectid="121" type="MONITORCONNECTION" value="NeoLoad$NeoLoad"/>
<objectids-entry key="¤¤" objectid="122" type="MONITOR" value="NeoLoad$NeoLoad$UserLoad"/>
<objectids-entry key="¤¤" objectid="123" type="MONITOR" value="NeoLoad$NeoLoad$throughput"/>
<objectids-entry key="¤¤" objectid="124" type="MONITOR" value="NeoLoad$NeoLoad$Alerts"/>
<objectids-entry key="¤¤" objectid="125" type="MONITOR" value="NeoLoad$NeoLoad$CriticalAlerts"/>
<objectids-entry key="¤¤" objectid="126" type="MONITOR" value="NeoLoad$NeoLoad$WarningAlerts"/>
<objectids-entry key="¤¤" objectid="127" type="MONITOR" value="NeoLoad$NeoLoad$cpu"/>
<objectids-entry key="¤¤" objectid="128" type="THRESHOLD" value="NeoLoad$NeoLoad$812cab11-9c7d-41f7-aae1-5b24b175872f"/>
<objectids-entry key="¤¤" objectid="129" type="MONITOR" value="NeoLoad$NeoLoad$memory"/>
<objectids-entry key="¤¤" objectid="130" type="THRESHOLD" value="NeoLoad$NeoLoad$c2be2931-dee3-429a-a07e-1b49e74738ff"/>
<objectids-entry key="¤¤" objectid="131" type="MONITOR" value="NeoLoad$NeoLoad$threadcount"/>
<objectids-entry key="¤¤" objectid="132" type="MONITOR" value="NeoLoad$NeoLoad$connectedlg"/>
<objectids-entry key="¤¤" objectid="133" type="MONITOR" value="NeoLoad$NeoLoad$totallgdisconnections"/>
<objectids-entry key="¤¤" objectid="134" type="THRESHOLD" value="NeoLoad$NeoLoad$9c71e70a-f415-475b-aeb6-0c9b0ff19591"/>
<objectids-entry key="¤¤" objectid="135" type="MONITOR" value="NeoLoad$NeoLoad$totallgreconnections"/>
<objectids-entry key="¤¤" objectid="136" type="MONITOR" value="NeoLoad$NeoLoad$otcp.NeoLoad"/>
<objectids-entry key="¤¤" objectid="137" type="MONITOR" value="NeoLoad$NeoLoad$tcp.NeoLoad"/>
<objectids-entry key="¤¤" objectid="138" type="MONITOR" value="NeoLoad$NeoLoad$ibytesperinterface~NeoLoad~wlan0"/>
<objectids-entry key="¤¤" objectid="139" type="MONITOR" value="NeoLoad$NeoLoad$obytesperinterface~NeoLoad~wlan0"/>
<objectids-entry key="¤¤" objectid="140" type="MONITOR" value="NeoLoad$NeoLoad$ibytesperinterface~NeoLoad~eth11"/>
<objectids-entry key="¤¤" objectid="141" type="MONITOR" value="NeoLoad$NeoLoad$obytesperinterface~NeoLoad~eth11"/>
<objectids-entry key="¤¤" objectid="142" type="MONITOR" value="NeoLoad$NeoLoad$ibytesperinterface~NeoLoad~eth13"/>
<objectids-entry key="¤¤" objectid="143" type="MONITOR" value="NeoLoad$NeoLoad$obytesperinterface~NeoLoad~eth13"/>
<objectids-entry key="¤¤" objectid="144" type="MONITOR" value="NeoLoad$NeoLoad$ibytesperinterface~NeoLoad~wlan2"/>
<objectids-entry key="¤¤" objectid="145" type="MONITOR" value="NeoLoad$NeoLoad$obytesperinterface~NeoLoad~wlan2"/>
<objectids-entry key="¤¤" objectid="146" type="MONITOR" value="NeoLoad$NeoLoad$nlwebdownload"/>
<objectids-entry key="¤¤" objectid="147" type="MONITOR" value="NeoLoad$NeoLoad$nlwebupload"/>
<objectids-entry key="¤¤" objectid="148" type="MONITOR" value="NeoLoad$NeoLoad$SapUserLoad"/>
<objectids-entry key="¤¤" objectid="149" type="MONITOR" value="NeoLoad$NeoLoad$zoneuserload~Default zone"/>
<objectids-entry key="¤¤" objectid="150" type="MONITOR" value="NeoLoad$NeoLoad$zoneuserloadperpopulation~Default zone~SLAPopulation"/>
<objectids-entry key="¤¤" objectid="151" type="MONITOR" value="NeoLoad$NeoLoad$zoneuserloadperpopulation~Default zone~SLAPopulation~EXC12_Payment_loop_local_arraycorrelation_jslib"/>
<objectids-entry key="¤¤" objectid="152" type="MONITORED_HOST" value="LG localhost:7100"/>
<objectids-entry key="¤¤" objectid="153" type="MONITORCONNECTION" value="LG localhost:7100$NeoLoad"/>
<objectids-entry key="¤¤" objectid="154" type="MONITOR" value="LG localhost:7100$NeoLoad$lgcpu.localhost:7100"/>
<objectids-entry key="¤¤" objectid="155" type="THRESHOLD" value="LG localhost:7100$NeoLoad$9646f57a-9f2e-49de-a4bb-ed8e01e6bc98"/>
<objectids-entry key="¤¤" objectid="156" type="MONITOR" value="LG localhost:7100$NeoLoad$lgmemory.localhost:7100"/>
<objectids-entry key="¤¤" objectid="157" type="THRESHOLD" value="LG localhost:7100$NeoLoad$b6e70ffe-6a9c-4fa0-b917-fd5304571e62"/>
<objectids-entry key="¤¤" objectid="158" type="MONITOR" value="LG localhost:7100$NeoLoad$lgthroughput.localhost:7100"/>
<objectids-entry key="¤¤" objectid="159" type="MONITOR" value="LG localhost:7100$NeoLoad$lguserloadperpopulation~localhost:7100"/>
<objectids-entry key="¤¤" objectid="160" type="MONITOR" value="LG localhost:7100$NeoLoad$lgthreadcount.localhost:7100"/>
<objectids-entry key="¤¤" objectid="161" type="MONITOR" value="LG localhost:7100$NeoLoad$lg.jetty.httpclient.threadpool.used.localhost:7100"/>
<objectids-entry key="¤¤" objectid="162" type="MONITOR" value="LG localhost:7100$NeoLoad$lg.jetty.httpclient.taskpool.used.localhost:7100"/>
<objectids-entry key="¤¤" objectid="163" type="THRESHOLD" value="LG localhost:7100$NeoLoad$c192aa5a-295e-487d-b2ba-ea808652733c"/>
<objectids-entry key="¤¤" objectid="164" type="MONITOR" value="LG localhost:7100$NeoLoad$lgdisconnections.localhost:7100"/>
<objectids-entry key="¤¤" objectid="165" type="MONITOR" value="LG localhost:7100$NeoLoad$lgreconnections.localhost:7100"/>
<objectids-entry key="¤¤" objectid="166" type="MONITOR" value="LG localhost:7100$NeoLoad$lgping.localhost:7100"/>
<objectids-entry key="¤¤" objectid="167" type="MONITOR" value="LG localhost:7100$NeoLoad$lgotcp.localhost:7100"/>
<objectids-entry key="¤¤" objectid="168" type="MONITOR" value="LG localhost:7100$NeoLoad$lgtcp.localhost:7100"/>
<objectids-entry key="¤¤" objectid="169" type="MONITOR" value="LG localhost:7100$NeoLoad$lgibytesperinterface~localhost:7100~wlan0"/>
<objectids-entry key="¤¤" objectid="170" type="MONITOR" value="LG localhost:7100$NeoLoad$lgobytesperinterface~localhost:7100~wlan0"/>
<objectids-entry key="¤¤" objectid="171" type="MONITOR" value="LG localhost:7100$NeoLoad$lgibytesperinterface~localhost:7100~eth11"/>
<objectids-entry key="¤¤" objectid="172" type="MONITOR" value="LG localhost:7100$NeoLoad$lgobytesperinterface~localhost:7100~eth11"/>
<objectids-entry key="¤¤" objectid="173" type="MONITOR" value="LG localhost:7100$NeoLoad$lgibytesperinterface~localhost:7100~eth13"/>
<objectids-entry key="¤¤" objectid="174" type="MONITOR" value="LG localhost:7100$NeoLoad$lgobytesperinterface~localhost:7100~eth13"/>
<objectids-entry key="¤¤" objectid="175" type="MONITOR" value="LG localhost:7100$NeoLoad$lgibytesperinterface~localhost:7100~wlan2"/>
<objectids-entry key="¤¤" objectid="176" type="MONITOR" value="LG localhost:7100$NeoLoad$lgobytesperinterface~localhost:7100~wlan2"/>
</objectids-table>
<!--****** DURATION ******-->
<duration value="-20149"/>
<!--****** AGGREGATION PERIOD ******-->
<aggregation-period value="1000"/>
<!--****** EXTENDED STATISTICS ******-->
<truncated-mean centered-interval="true" percentage="90"/>
<percentile percentage="50"/>
</project>
